Tags,ID
Adaptive capacity,1929
Adaptive capacity,1930
Adaptive capacity,1931
Adaptive capacity,1937
Adaptive capacity,1902
Adaptive capacity,1903
Adaptive capacity,1904
Adaptive capacity,1905
Adaptive capacity,1906
Adaptive capacity,1907
Adaptive capacity,1908
Adaptive capacity,1909
Adaptive capacity,1910
Agricultural knowledge,70
Agricultural knowledge,1873
Agricultural knowledge,1874
Agricultural knowledge,1875
Agricultural knowledge,1876
Agricultural knowledge,1877
Agricultural knowledge,1878
Agricultural knowledge,1879
Agricultural knowledge,1882
Agricultural knowledge,1933
Agricultural knowledge,1934
Agricultural knowledge,1935
Agricultural knowledge,1936
Agricultural knowledge,1880
Agricultural knowledge,1881
Agroforestry,709
Agroforestry,1196
Agroforestry,1320
Agroforestry,1329
Agroforestry,694
Agroforestry,525
Agroforestry,283
Agroforestry,291
Agroforestry,292
Agroforestry,293
Agroforestry,691
Agroforestry,1344
Agroforestry,1347
Agroforestry,702
Agroforestry,306
Agroforestry,2036
Agroforestry,2041
Agroforestry,1195
Biophysical,1631
Biophysical,1633
Biophysical,1634
Biophysical,1542
Biophysical,80
Biophysical,81
Biophysical,1543
Biophysical,2160
Biophysical,2164
Biophysical,2166
Biophysical,2167
Biophysical,1449
Biophysical,1450
Biophysical,777
Biophysical,778
Biophysical,1490
Biophysical,769
Biophysical,771
Biophysical,1467
Biophysical,714
Biophysical,715
Biophysical,716
Biophysical,718
Biophysical,719
Biophysical,724
Biophysical,736
Biophysical,1451
Biophysical,1452
Biophysical,1453
Biophysical,1454
Biophysical,1458
Biophysical,1461
Biophysical,722
Biophysical,730
Biophysical,781
Biophysical,776
Biophysical,725
Biophysical,726
Biophysical,727
Biophysical,741
Biophysical,743
Biophysical,744
Biophysical,1457
Biophysical,1459
Biophysical,1460
Biophysical,343
Biophysical,342
Biophysical,338
Biophysical,347
Biophysical,348
Biophysical,22
Biophysical,23
Biophysical,24
Biophysical,25
Biophysical,26
Biophysical,35
Biophysical,97
Biophysical,98
Biophysical,129
Biophysical,130
Biophysical,135
Biophysical,161
Biophysical,242
Biophysical,244
Biophysical,251
Biophysical,252
Biophysical,385
Biophysical,386
Biophysical,425
Biophysical,426
Biophysical,427
Biophysical,432
Biophysical,480
Biophysical,481
Biophysical,482
Biophysical,483
Biophysical,564
Biophysical,565
Biophysical,566
Biophysical,567
Biophysical,568
Biophysical,569
Biophysical,570
Biophysical,571
Biophysical,572
Biophysical,578
Biophysical,579
Biophysical,588
Biophysical,672
Biophysical,683
Biophysical,746
Biophysical,747
Biophysical,748
Biophysical,751
Biophysical,752
Biophysical,759
Biophysical,760
Biophysical,761
Biophysical,762
Biophysical,763
Biophysical,764
Biophysical,829
Biophysical,834
Biophysical,835
Biophysical,836
Biophysical,900
Biophysical,909
Biophysical,910
Biophysical,911
Biophysical,912
Biophysical,915
Biophysical,916
Biophysical,917
Biophysical,918
Biophysical,919
Biophysical,920
Biophysical,921
Biophysical,1004
Biophysical,1006
Biophysical,1009
Biophysical,1022
Biophysical,1023
Biophysical,1034
Biophysical,1150
Biophysical,1262
Biophysical,1263
Biophysical,1264
Biophysical,1271
Biophysical,1272
Biophysical,1273
Biophysical,1278
Biophysical,1279
Biophysical,1282
Biophysical,1394
Biophysical,1395
Biophysical,1398
Biophysical,1406
Biophysical,1407
Biophysical,1408
Biophysical,1468
Biophysical,1469
Biophysical,1470
Biophysical,1471
Biophysical,1478
Biophysical,1479
Biophysical,1480
Biophysical,1481
Biophysical,1482
Biophysical,1484
Biophysical,1486
Biophysical,1487
Biophysical,1488
Biophysical,1489
Biophysical,1495
Biophysical,1496
Biophysical,1535
Biophysical,1536
Biophysical,1539
Biophysical,1540
Biophysical,1545
Biophysical,1546
Biophysical,1547
Biophysical,1548
Biophysical,1549
Biophysical,1550
Biophysical,1551
Biophysical,1552
Biophysical,1553
Biophysical,1554
Biophysical,1555
Biophysical,1564
Biophysical,1565
Biophysical,1566
Biophysical,1567
Biophysical,1568
Biophysical,1569
Biophysical,1570
Biophysical,1571
Biophysical,1572
Biophysical,1573
Biophysical,1613
Biophysical,1658
Biophysical,1706
Biophysical,1730
Biophysical,1745
Biophysical,1746
Biophysical,1747
Biophysical,1751
Biophysical,1897
Biophysical,1898
Biophysical,2154
Biophysical,2155
Biophysical,2156
Biophysical,2157
Biophysical,2158
Biophysical,2171
Biophysical,2188
Biophysical,2189
Biophysical,2206
Biophysical,2229
Biophysical,2272
Biophysical,2273
Biophysical,2274
Biophysical,2275
Biophysical,2276
Biophysical,2277
Biophysical,2278
Biophysical,2289
Biophysical,2290
Biophysical,2294
Biophysical,2297
Biophysical,2299
Biophysical,2301
Biophysical,2303
Biophysical,2305
Biophysical,2306
Biophysical,2307
Biophysical,2308
Biophysical,2310
Biophysical,2311
Biophysical,2312
Biophysical,2313
Biophysical,2315
Biophysical,2316
Biophysical,2317
Biophysical,2318
Biophysical,2319
Biophysical,2320
Biophysical,2321
Biophysical,2322
Biophysical,2323
Biophysical,2324
Biophysical,2325
Biophysical,2326
Biophysical,2329
Biophysical,346
Biophysical,317
Biophysical,1007
Biophysical,1472
Biophysical,1473
Biophysical,506
Biophysical,1785
Biophysical,1786
Biophysical,1789
Biophysical,192
Biophysical,521
Biophysical,1642
Biophysical,1153
Biophysical,1155
Biophysical,1156
Biophysical,1157
Biophysical,1158
Biophysical,1160
Biophysical,1168
Biophysical,1169
Biophysical,1170
Biophysical,1984
Biophysical,1988
Biophysical,522
Biophysical,774
Biophysical,841
Biophysical,765
Biophysical,766
Biophysical,779
Biophysical,1788
Biophysical,2230
Biophysical,577
Biophysical,673
Biophysical,674
Biophysical,1280
Biophysical,2330
Biophysical,249
Biophysical,250
Biophysical,585
Biophysical,586
Biophysical,742
Biophysical,745
Biophysical,901
Biophysical,902
Biophysical,903
Biophysical,1410
Biophysical,1412
Biophysical,265
Biophysical,935
Biophysical,1411
Biophysical,27
Biophysical,28
Biophysical,29
Biophysical,30
Biophysical,31
Biophysical,32
Biophysical,33
Biophysical,34
Biophysical,40
Biophysical,136
Biophysical,137
Biophysical,1159
Biophysical,1161
Biophysical,1162
Biophysical,1574
Biophysical,1575
Biophysical,1576
Biophysical,1577
Biophysical,1579
Biophysical,1580
Biophysical,1581
Biophysical,1582
Biophysical,1583
Biophysical,1584
Biophysical,1585
Biophysical,1586
Biophysical,1587
Biophysical,1588
Biophysical,1590
Biophysical,1712
Biophysical,1749
Biophysical,1750
Biophysical,2191
Biophysical,2193
Biophysical,2194
Biophysical,2195
Biophysical,2197
Biophysical,2198
Biophysical,2199
Biophysical,2200
Biophysical,2201
Biophysical,2202
Biophysical,2203
Biophysical,2204
Biophysical,2205
Biophysical,1848
Biophysical,1857
Biophysical,239
Biophysical,240
Biophysical,243
Biophysical,245
Biophysical,573
Biophysical,581
Biophysical,583
Biophysical,584
Biophysical,587
Biophysical,754
Biophysical,756
Biophysical,758
Biophysical,898
Biophysical,899
Biophysical,1005
Biophysical,1265
Biophysical,1266
Biophysical,1267
Biophysical,1268
Biophysical,1269
Biophysical,1274
Biophysical,1275
Biophysical,1281
Biophysical,1390
Biophysical,1391
Biophysical,1392
Biophysical,1393
Biophysical,1396
Biophysical,1474
Biophysical,241
Biophysical,574
Biophysical,576
Biophysical,750
Biophysical,753
Biophysical,755
Biophysical,1399
Biophysical,1476
Biophysical,1477
Biophysical,262
Biophysical,266
Biophysical,775
Biophysical,831
Biophysical,833
Biophysical,837
Biophysical,1409
Biophysical,780
Biophysical,832
Biophysical,838
Biophysical,839
Biophysical,365
Biophysical,361
Biophysical,362
Biophysical,120
Biophysical,131
Biophysical,132
Biophysical,138
Biophysical,162
Biophysical,163
Biophysical,164
Biophysical,165
Biophysical,1713
Biophysical,1715
Biophysical,1787
Biophysical,1791
Biophysical,349
Biophysical,1494
Biophysical,1405
Biophysical,143
Biophysical,57
Biophysical,1404
Biophysical,271
Biophysical,269
Biophysical,270
Biophysical,275
Biophysical,276
Biophysical,278
Biophysical,254
Biophysical,263
Biophysical,264
Biophysical,589
Biophysical,590
Biophysical,597
Biophysical,599
Biophysical,922
Biophysical,923
Biophysical,924
Biophysical,925
Biophysical,1040
Biophysical,1163
Biophysical,1181
Biophysical,1183
Biophysical,1400
Biophysical,1402
Biophysical,1413
Biophysical,1491
Biophysical,1625
Biophysical,1626
Biophysical,1627
Biophysical,1185
Biophysical,598
Biophysical,267
Biophysical,268
Biophysical,1501
Biophysical,591
Biophysical,592
Biophysical,593
Biophysical,772
Biophysical,926
Biophysical,937
Biophysical,938
Biophysical,1416
Biophysical,1492
Biophysical,929
Biophysical,600
Biophysical,601
Biophysical,258
Biophysical,927
Biophysical,257
Biophysical,768
Biophysical,943
Biophysical,217
Biophysical,224
Biophysical,1464
Biophysical,1465
Biophysical,1466
Biophysical,892
Biophysical,145
Biophysical,146
Biophysical,827
Biophysical,828
Biophysical,1387
Biophysical,1388
Biophysical,1389
Biophysical,2082
Biophysical,2083
Biophysical,2084
Biophysical,148
Biophysical,211
Biophysical,212
Biophysical,213
Biophysical,214
Biophysical,222
Biophysical,223
Biophysical,225
Biophysical,226
Biophysical,227
Biophysical,228
Biophysical,229
Biophysical,230
Biophysical,235
Biophysical,246
Biophysical,247
Biophysical,553
Biophysical,554
Biophysical,558
Biophysical,559
Biophysical,561
Biophysical,563
Biophysical,732
Biophysical,733
Biophysical,798
Biophysical,799
Biophysical,800
Biophysical,801
Biophysical,805
Biophysical,806
Biophysical,808
Biophysical,813
Biophysical,814
Biophysical,815
Biophysical,817
Biophysical,826
Biophysical,873
Biophysical,874
Biophysical,876
Biophysical,877
Biophysical,878
Biophysical,880
Biophysical,881
Biophysical,882
Biophysical,884
Biophysical,891
Biophysical,893
Biophysical,1375
Biophysical,1379
Biophysical,1380
Biophysical,1381
Biophysical,1385
Biophysical,1386
Biophysical,1455
Biophysical,1456
Biophysical,1462
Biophysical,2163
Biophysical,2165
Biophysical,2168
Biophysical,2169
Biophysical,560
Biophysical,888
Biophysical,890
Biophysical,816
Biophysical,1500
Biophysical,277
Biophysical,216
Biophysical,904
Biophysical,905
Biophysical,906
Biophysical,913
Biophysical,914
Biophysical,1037
Biophysical,908
Biophysical,253
Biophysical,1414
Biophysical,1415
Biophysical,1448
Biophysical,102
Biophysical,126
Biophysical,209
Biophysical,210
Biophysical,218
Biophysical,219
Biophysical,220
Biophysical,221
Biophysical,555
Biophysical,557
Biophysical,562
Biophysical,717
Biophysical,720
Biophysical,721
Biophysical,734
Biophysical,735
Biophysical,737
Biophysical,802
Biophysical,803
Biophysical,807
Biophysical,818
Biophysical,875
Biophysical,879
Biophysical,883
Biophysical,885
Biophysical,886
Biophysical,894
Biophysical,1372
Biophysical,1373
Biophysical,1374
Biophysical,1376
Biophysical,1377
Biophysical,1378
Biophysical,1384
Biophysical,1463
Biophysical,556
Biophysical,723
Biophysical,731
Biophysical,887
Biophysical,889
Biophysical,316
Biophysical,318
Biophysical,272
Biophysical,315
Biophysical,322
Biophysical,330
Biophysical,931
Biophysical,932
Biophysical,933
Biophysical,215
Biophysical,484
Biophysical,485
Biophysical,487
Biophysical,488
Biophysical,489
Biophysical,1537
Biophysical,101
Biophysical,1841
Biophysical,1842
Biophysical,1847
Biophysical,1889
Biophysical,1890
Biophysical,1893
Biophysical,1892
Biophysical,1891
Biophysical,2181
Biophysical,2182
Biophysical,2058
Biophysical,2059
Biophysical,2060
Biophysical,2061
Biophysical,2080
Biophysical,2081
Biophysical,2096
Biophysical,2102
Biophysical,2288
Biophysical,112
Biophysical,113
Biophysical,114
Biophysical,1538
Biophysical,1591
Biophysical,1603
Biophysical,1604
Biophysical,1605
Biophysical,1010
Biophysical,2079
Biophysical,2062
Biophysical,2302
Biophysical,2296
Biophysical,204
Biophysical,201
Biophysical,321
Capacity building,204
Capacity building,201
Capacity building,379
Capacity building,152
Capacity building,458
Capacity building,464
Capacity building,468
Capacity building,469
Capacity building,472
Capacity building,474
Capacity building,547
Capacity building,1726
Capacity building,1731
Capacity building,2341
Capacity building,2342
Capacity building,2344
Capacity building,2356
Capacity building,2365
Capacity building,194
Capacity building,195
Capacity building,703
Capacity building,1345
Capacity building,1341
Capacity building,709
Capacity building,1206
Capacity building,1208
Capacity building,1212
Capacity building,193
Capacity building,200
Capacity building,287
Capacity building,1422
Capacity building,280
Capacity building,281
Capacity building,282
Capacity building,284
Capacity building,1421
Capacity building,795
Capacity building,356
Capacity building,1768
Capacity building,184
Capacity building,185
Capacity building,502
Capacity building,518
Capacity building,503
Capacity building,507
Capacity building,509
Capacity building,510
Capacity building,512
Capacity building,1762
Capacity building,1763
Capacity building,1796
Capacity building,1800
Capacity building,180
Capacity building,181
Capacity building,153
Capacity building,154
Capacity building,604
Capacity building,1781
Capacity building,516
Capacity building,1216
Capacity building,1319
Capacity building,1328
Capacity building,693
Capacity building,867
Capacity building,866
Capacity building,1802
Capacity building,1098
Capacity building,1099
Capacity building,1100
Capacity building,1101
Capacity building,1102
Capacity building,300
Capacity building,303
Capacity building,191
Capacity building,369
Capacity building,1783
Capacity building,2358
Capacity building,2242
Capacity building,2241
Capacity building,2248
Capacity building,2357
Capacity building,53
Capacity building,69
Capacity building,196
Capacity building,1321
Capacity building,1330
Capacity building,2376
Climate information,1644
Climate information,1648
Climate information,1666
Climate knowldege,1902
Climate knowldege,1903
Climate knowldege,1904
Climate knowldege,1905
Climate knowldege,1906
Climate knowldege,1907
Climate knowldege,1908
Climate knowldege,1909
Climate knowldege,1910
Climate smart agriculture,63
Climate smart agriculture,2126
Climate smart agriculture,1635
Climate smart agriculture,1637
Climate smart agriculture,1638
Climate smart agriculture,1639
Climate smart agriculture,1640
Climate smart agriculture,371
Climate smart agriculture,506
Climate smart agriculture,1785
Climate smart agriculture,1786
Climate smart agriculture,1789
Climate smart agriculture,192
Climate smart agriculture,521
Climate smart agriculture,69
Climate smart agriculture,1664
Climate smart agriculture,2345
Climate smart agriculture,1225
Climate smart agriculture,1226
Climate smart agriculture,1227
Climate smart agriculture,538
Climate smart agriculture,546
Climate smart agriculture,526
Climate smart agriculture,1771
Climate smart agriculture,530
Climate smart agriculture,1224
Climate smart agriculture,603
Climate smart agriculture,605
Climate smart agriculture,616
Climate smart agriculture,618
Climate smart agriculture,1504
Climate smart agriculture,1505
Climate smart agriculture,1502
Climate smart agriculture,702
Climate smart agriculture,1341
Climate smart agriculture,709
Climate smart agriculture,1196
Climate smart agriculture,1320
Climate smart agriculture,1329
Climate smart agriculture,706
Climate smart agriculture,1324
Climate smart agriculture,1343
Climate smart agriculture,1894
Climate smart agriculture,1900
Climate smart agriculture,1901
Climate smart agriculture,1322
Climate smart agriculture,307
Climate smart agriculture,283
Climate smart agriculture,291
Climate smart agriculture,292
Climate smart agriculture,293
Climate smart agriculture,703
Climate smart agriculture,295
Climate smart agriculture,366
Climate smart agriculture,1429
Climate smart agriculture,1431
Climate smart agriculture,849
Climate smart agriculture,864
Climate smart agriculture,1417
Climate smart agriculture,1430
Climate smart agriculture,294
Climate smart agriculture,377
Climate smart agriculture,355
Climate smart agriculture,689
Climate smart agriculture,301
Climate smart agriculture,1426
Climate smart agriculture,1427
Climate smart agriculture,1434
Climate smart agriculture,1436
Climate smart agriculture,1437
Climate smart agriculture,1513
Climate smart agriculture,1518
Climate smart agriculture,1519
Climate smart agriculture,1520
Climate smart agriculture,1521
Climate smart agriculture,1522
Climate smart agriculture,1523
Climate smart agriculture,1527
Climate smart agriculture,1524
Climate smart agriculture,1418
Climate smart agriculture,858
Climate smart agriculture,1428
Climate smart agriculture,850
Climate smart agriculture,851
Climate smart agriculture,852
Climate smart agriculture,853
Climate smart agriculture,708
Climate smart agriculture,1197
Climate smart agriculture,690
Climate smart agriculture,1432
Climate smart agriculture,1435
Climate smart agriculture,1503
Climate smart agriculture,869
Climate smart agriculture,854
Climate smart agriculture,855
Climate smart agriculture,862
Climate smart agriculture,863
Climate smart agriculture,870
Climate smart agriculture,306
Climate smart agriculture,844
Climate smart agriculture,1515
Climate smart agriculture,1516
Climate smart agriculture,1517
Climate smart agriculture,945
Climate smart agriculture,946
Climate smart agriculture,791
Climate smart agriculture,948
Climate smart agriculture,790
Climate smart agriculture,949
Climate smart agriculture,688
Climate smart agriculture,1511
Climate smart agriculture,300
Climate smart agriculture,303
Climate smart agriculture,368
Climate smart agriculture,1342
Climate smart agriculture,1346
Climate smart agriculture,375
Climate smart agriculture,958
Climate smart agriculture,957
Climate smart agriculture,357
Climate smart agriculture,788
Climate smart agriculture,956
Climate smart agriculture,2036
Climate smart agriculture,2041
Climate smart agriculture,2130
Climate smart agriculture,2131
Climate smart agriculture,1195
Climate smart agriculture,531
Community level,64
Community level,2242
Community level,2241
Community level,196
Community level,374
Community level,698
Community level,525
Community level,691
Community level,1344
Community level,1347
Community level,370
Community level,376
Community level,194
Community level,195
Community level,1206
Community level,1208
Community level,1212
Community level,1225
Community level,1226
Community level,1227
Community level,1224
Community level,366
Community level,377
Community level,355
Community level,178
Community level,1217
Community level,1220
Community level,1216
Community level,1218
Community level,1219
Community level,1222
Community level,1223
Community level,1195
Community level,1196
Community level,1197
Community level,690
Community level,1199
Community level,1210
Community level,1211
Community level,1213
Community level,692
Community level,1334
Community level,177
Community level,695
Community level,1071
Community level,1072
Community level,1073
Community level,1074
Community level,1075
Community level,1076
Community level,1077
Community level,1078
Community level,1079
Community level,371
Community level,1357
Community level,1359
Community level,1361
Community level,699
Community level,1319
Community level,1328
Community level,693
Community level,515
Community level,1775
Community level,700
Community level,1783
Community level,205
Community level,1778
Community level,1779
Community level,1782
Community level,1069
Community level,1780
Community level,2267
Community level,1325
Community level,1333
Community level,1671
Community level,1672
Community level,1647
Community level,71
Community level,378
Community level,1802
Community level,688
Community level,367
Community level,1070
Community level,705
Community level,707
Community level,1209
Community level,524
Community level,1098
Community level,1099
Community level,1100
Community level,1101
Community level,1102
Community level,1354
Community level,1355
Community level,1360
Community level,1097
Community level,1096
Community level,710
Community level,1323
Community level,1332
Community level,1331
Community level,1322
Community level,1214
Community level,1773
Community level,1776
Community level,2212
Community level,173
Community level,198
Community level,500
Community level,1761
Community level,1318
Community level,1327
Community level,1321
Community level,1330
Community level,1363
Community level,1198
Community level,1320
Community level,1329
Community level,694
Community level,283
Community level,291
Community level,292
Community level,293
Community level,702
Community level,703
Community level,709
Community level,287
Community level,280
Community level,281
Community level,282
Community level,284
Community level,795
Community level,858
Community level,1081
Community level,1335
Community level,1336
Community level,1337
Community level,1338
Community level,1339
Community level,1340
Community level,696
Community level,1326
Community level,1324
Community level,856
Community level,1356
Community level,1358
Community level,1362
Community level,857
Community level,296
Community level,950
Community level,1528
Community level,1511
Community level,607
Community level,704
Community level,1514
Community level,302
Community level,788
Community level,955
Community level,1792
Community level,1793
Community level,1798
Community level,1766
Community level,1797
Community level,1801
Community level,1341
Community level,2140
Community level,2141
Community level,2142
Community level,2143
Community level,2144
Conservation agriculture,2024
Conservation agriculture,2033
Conservation agriculture,2034
Conservation agriculture,2035
Conservation agriculture,2037
Conservation agriculture,2038
Conservation agriculture,1642
Conservation agriculture,1602
Conservation agriculture,708
Conservation agriculture,709
Conservation agriculture,1657
Conservation agriculture,1659
Conservation agriculture,1660
Conservation agriculture,1661
Conservation agriculture,1662
Conservation agriculture,1663
Conservation agriculture,694
Conservation agriculture,283
Conservation agriculture,291
Conservation agriculture,292
Conservation agriculture,293
Conservation agriculture,1344
Conservation agriculture,1347
Conservation agriculture,702
Conservation agriculture,703
Conservation agriculture,1345
Conservation agriculture,1341
Conservation agriculture,1429
Conservation agriculture,1431
Conservation agriculture,849
Conservation agriculture,864
Conservation agriculture,1417
Conservation agriculture,1430
Conservation agriculture,1524
Conservation agriculture,1632
Conservation agriculture,2251
Conservation agriculture,2255
Conservation agriculture,2350
Conservation agriculture,2352
Conservation agriculture,2363
Conservation agriculture,2364
Conservation agriculture,1196
Conservation agriculture,1320
Conservation agriculture,1329
Conservation agriculture,706
Conservation agriculture,1324
Conservation agriculture,1899
Conservation agriculture,1343
Conservation agriculture,1894
Conservation agriculture,1900
Conservation agriculture,1901
Conservation agriculture,1197
Conservation agriculture,690
Conservation agriculture,1432
Conservation agriculture,1435
Conservation agriculture,1503
Conservation agriculture,1199
Conservation agriculture,1433
Conservation agriculture,1210
Conservation agriculture,1211
Conservation agriculture,1213
Conservation agriculture,536
Conservation agriculture,1767
Conservation agriculture,1769
Conservation agriculture,358
Conservation agriculture,1441
Conservation agriculture,1444
Conservation agriculture,854
Conservation agriculture,855
Conservation agriculture,862
Conservation agriculture,863
Conservation agriculture,306
Conservation agriculture,305
Conservation agriculture,603
Conservation agriculture,945
Conservation agriculture,946
Conservation agriculture,790
Conservation agriculture,949
Conservation agriculture,688
Conservation agriculture,300
Conservation agriculture,303
Conservation agriculture,1331
Conservation agriculture,1322
Conservation agriculture,618
Conservation agriculture,359
Conservation agriculture,360
Conservation agriculture,960
Conservation agriculture,959
Conservation agriculture,1195
Conservation agriculture,2128
Disease,1866
Diversification,61
Diversification,82
Diversification,84
Diversification,86
"Drought ",1811
"Drought ",1833
"Drought ",1834
"Drought ",1835
Economic,46
Economic,48
Economic,1883
Economic,1884
Economic,1885
Economic,1886
Economic,1887
Economic,1888
Ecosystem,461
Ecosystem,467
Ecosystem,1705
Ecosystem,335
Ecosystem,177
Ecosystem,1175
Ecosystem,1153
Ecosystem,1155
Ecosystem,1156
Ecosystem,1157
Ecosystem,1158
Ecosystem,1160
Ecosystem,1168
Ecosystem,1169
Ecosystem,1170
Ecosystem,1041
Ecosystem-based,1985
Ecosystem-based adaptation,365
Ecosystem-based adaptation,709
Ecosystem-based adaptation,1429
Ecosystem-based adaptation,1431
Ecosystem-based adaptation,294
Ecosystem-based adaptation,1433
Ecosystem-based adaptation,2031
Ecosystem-based adaptation,2032
Ecosystem-based adaptation,2039
Ecosystem-based adaptation,2040
Ecosystem-based adaptation,869
Ecosystem-based adaptation,854
Ecosystem-based adaptation,855
Ecosystem-based adaptation,862
Ecosystem-based adaptation,863
Ecosystem-based adaptation,870
Ecosystem-based adaptation,692
Ecosystem-based adaptation,1334
Ecosystem-based adaptation,856
Ecosystem-based adaptation,306
Ecosystem-based adaptation,305
Ecosystem-based adaptation,1425
Ecosystem-based adaptation,605
Ecosystem-based adaptation,616
Ecosystem-based adaptation,960
Environment,1984
Environment,1988
Environment,1193
Environment,2209
Environment,2210
Environment,2260
Environment,2261
Environment,1167
Environment,1171
Environment,1172
Environment,1192
Environment,1599
Environment,1628
Environment,2211
Environment,2212
Farm level,2044
Farm level,70
Farm level,2128
Farm level,1206
Farm level,1208
Farm level,1212
Farm level,1915
Farm level,691
Farm level,1344
Farm level,1347
Farm level,1785
Farm level,1786
Farm level,1789
Farm level,192
Farm level,521
Farm level,1642
Farm level,522
Farm level,1788
Farm level,370
Farm level,372
Farm level,376
Farm level,193
Farm level,200
Farm level,1768
Farm level,1796
Farm level,1800
Farm level,538
Farm level,546
Farm level,526
Farm level,1771
Farm level,377
Farm level,355
Farm level,689
Farm level,708
Farm level,1196
Farm level,706
Farm level,1343
Farm level,1894
Farm level,1900
Farm level,1901
Farm level,1197
Farm level,690
Farm level,1210
Farm level,1211
Farm level,1213
Farm level,536
Farm level,1767
Farm level,1769
Farm level,358
Farm level,695
Farm level,1071
Farm level,1072
Farm level,1073
Farm level,1074
Farm level,1075
Farm level,1076
Farm level,1077
Farm level,1078
Farm level,1079
Farm level,61
Farm level,82
Farm level,84
Farm level,86
Farm level,371
Farm level,1794
Farm level,1799
Farm level,1069
Farm level,68
Farm level,1325
Farm level,1333
Farm level,1671
Farm level,1672
Farm level,367
Farm level,1070
Farm level,705
Farm level,707
Farm level,2018
Farm level,2021
Farm level,1098
Farm level,1099
Farm level,1100
Farm level,1101
Farm level,1102
Farm level,1323
Farm level,1332
Farm level,1331
Farm level,1322
Farm level,1784
Farm level,1790
Farm level,1770
Farm level,368
Farm level,375
Farm level,1803
Farm level,1795
Farm level,173
Farm level,198
Farm level,500
Farm level,1761
Farm level,374
Farm level,701
Farm level,357
Farm level,1318
Farm level,1327
Farm level,1321
Farm level,1330
Farm level,1198
Farm level,359
Farm level,360
Farm level,307
Farm level,283
Farm level,291
Farm level,292
Farm level,293
Farm level,702
Farm level,709
Farm level,287
Farm level,280
Farm level,281
Farm level,282
Farm level,284
Farm level,1421
Farm level,795
Farm level,604
Farm level,1504
Farm level,1505
Farm level,1429
Farm level,1431
Farm level,849
Farm level,864
Farm level,1417
Farm level,1430
Farm level,301
Farm level,1426
Farm level,1427
Farm level,1434
Farm level,1436
Farm level,1437
Farm level,1513
Farm level,1518
Farm level,1519
Farm level,1520
Farm level,1521
Farm level,1522
Farm level,1523
Farm level,1527
Farm level,1524
Farm level,1418
Farm level,858
Farm level,1428
Farm level,850
Farm level,851
Farm level,852
Farm level,853
Farm level,1324
Farm level,1432
Farm level,1435
Farm level,1503
Farm level,1433
Farm level,1441
Farm level,1444
Farm level,854
Farm level,855
Farm level,862
Farm level,863
Farm level,870
Farm level,856
Farm level,306
Farm level,305
Farm level,1425
Farm level,844
Farm level,1515
Farm level,1516
Farm level,1517
Farm level,1356
Farm level,1358
Farm level,1362
Farm level,865
Farm level,296
Farm level,617
Farm level,603
Farm level,605
Farm level,945
Farm level,946
Farm level,791
Farm level,948
Farm level,790
Farm level,949
Farm level,616
Farm level,950
Farm level,606
Farm level,1528
Farm level,1511
Farm level,300
Farm level,303
Farm level,304
Farm level,1514
Farm level,302
Farm level,958
Farm level,957
Farm level,788
Farm level,1080
Farm level,618
Farm level,1502
Farm level,956
Farm level,960
Farm level,959
Farm level,955
Farm level,1320
Farm level,1329
Farm level,688
Farm level,1342
Farm level,1346
Farm level,1341
Farm level,2023
Farm level,2046
Farm level,1641
Farm level,1195
Farm level,57
Farm level,2121
Farm level,2124
Farmer organisations,1915
Finance,45
Finance,47
Finance,2248
Finance,700
Finance,1352
Finance,774
Finance,241
Finance,574
Finance,576
Finance,750
Finance,753
Finance,755
Finance,1399
Finance,1476
Finance,1477
Finance,305
Finance,339
Finance,353
Finance,336
Finance,350
Finance,134
Finance,167
Finance,289
Finance,431
Finance,457
Finance,463
Finance,1709
Finance,1716
Finance,1722
Finance,1727
Finance,1754
Finance,1756
Finance,2223
Finance,2224
Finance,2225
Finance,2226
Finance,2227
Finance,2244
Finance,2360
Finance,2361
Finance,2370
Finance,381
Finance,1507
Finance,279
Finance,1494
Finance,371
Finance,1357
Finance,1359
Finance,1361
Finance,1167
Finance,1171
Finance,1172
Finance,1794
Finance,1799
Finance,1046
Finance,1087
Finance,1058
Finance,848
Finance,1165
Finance,684
Finance,1177
Finance,1178
Finance,1179
Finance,1180
Finance,699
Finance,1204
Finance,259
Finance,261
Finance,290
Finance,1298
Finance,1310
Finance,1315
Finance,1424
Finance,1440
Finance,773
Finance,1405
Finance,1319
Finance,1328
Finance,1531
Finance,534
Finance,545
Finance,170
Finance,1717
Finance,237
Finance,238
Finance,757
Finance,785
Finance,143
Finance,147
Finance,767
Finance,1778
Finance,1779
Finance,1782
Finance,1038
Finance,1086
Finance,961
Finance,962
Finance,274
Finance,1041
Finance,685
Finance,681
Finance,1057
Finance,1291
Finance,1316
Finance,1317
Finance,1286
Finance,1292
Finance,1039
Finance,1033
Finance,1031
Finance,1032
Finance,947
Finance,1284
Finance,1289
Finance,1293
Finance,705
Finance,707
Finance,582
Finance,1718
Finance,1067
Finance,1096
Finance,954
Finance,929
Finance,612
Finance,613
Finance,928
Finance,930
Finance,936
Finance,939
Finance,940
Finance,941
Finance,944
Finance,1314
Finance,1309
Finance,596
Finance,595
Finance,1867
Finance,286
Finance,415
Finance,656
Finance,823
Finance,824
Finance,825
Finance,118
Finance,1719
Finance,1720
Finance,908
Finance,575
Finance,676
Finance,677
Finance,907
Finance,1228
Finance,1229
Finance,1230
Finance,1231
Finance,1232
Finance,1475
Finance,1483
Finance,1485
Finance,125
Finance,1252
Finance,328
Finance,787
Finance,124
Finance,78
Finance,2376
Finance,2133
Finance,1299
Finance,2134
Finance,2135
Finance,2136
Finance,2137
Finance,2138
Finance,2139
Finance,2327
Finance,2328
Finance,1592
Finance,1607
Finance,1611
Finance,1612
Finance,1649
Finance,1650
Finance,1651
Finance,1652
Finance,1653
Finance,1654
Finance,1655
Finance,1656
Finance,1608
Finance,1609
Finance,1610
Finance,2016
Finance,2019
Finance,2045
Finance,2048
Finance,2049
Finance,1602
Finance,1630
Finance,2018
Finance,2017
Finance,709
Finance and markets,46
Finance and markets,48
Finance and markets,46
Finance and markets,48
Finance and markets,1883
Finance and markets,1884
Finance and markets,1885
Finance and markets,1886
Finance and markets,1887
Finance and markets,1888
Finance,1929
Finance,1930
Finance,1931
Finance,1937
Finance and markets,1883
Finance and markets,1884
Finance and markets,1885
Finance and markets,1886
Finance and markets,1887
Finance and markets,1888
Financial capital,1917
Financial capital,1918
Food insecurity,1938
Gender,698
Gender,287
Gender,1164
Gender,777
Gender,693
Gender,515
Gender,1775
Gender,1636
Gender,767
Gender,1056
Gender,1059
Gender,308
Gender,310
Gender,273
Gender,274
Gender,685
Gender,1490
Gender,255
Gender,257
Gender,768
Governance,2216
Governance,2217
Governance,2218
Governance,2219
Governance,2220
Governance,2221
Governance,2222
Governance,2270
Governance,2025
Governance,2098
Governance,685
Governance,846
Governance,841
Governance,1422
Governance,279
Governance,1046
Governance,1087
Governance,1058
Governance,848
Governance,767
Governance,345
Governance,344
Governance,156
Governance,158
Governance,159
Governance,260
Governance,475
Governance,476
Governance,477
Governance,478
Governance,1174
Governance,1734
Governance,1737
Governance,2228
Governance,2238
Governance,700
Governance,1404
Governance,1783
Governance,205
Governance,1778
Governance,1779
Governance,1782
Governance,1038
Governance,1056
Governance,271
Governance,1420
Governance,686
Governance,687
Governance,1042
Governance,1044
Governance,1047
Governance,1048
Governance,1049
Governance,1050
Governance,1051
Governance,1052
Governance,1053
Governance,1054
Governance,1055
Governance,1060
Governance,1061
Governance,1062
Governance,1063
Governance,1064
Governance,1065
Governance,1066
Governance,1091
Governance,1092
Governance,1093
Governance,1094
Governance,1095
Governance,1086
Governance,1059
Governance,1443
Governance,297
Governance,859
Governance,1085
Governance,1088
Governance,1089
Governance,1090
Governance,1295
Governance,1296
Governance,1297
Governance,1439
Governance,867
Governance,269
Governance,270
Governance,275
Governance,276
Governance,278
Governance,857
Governance,865
Governance,961
Governance,962
Governance,308
Governance,310
Governance,373
Governance,871
Governance,1445
Governance,866
Governance,296
Governance,1068
Governance,288
Governance,309
Governance,860
Governance,963
Governance,965
Governance,966
Governance,1438
Governance,1442
Governance,273
Governance,274
Governance,1069
Governance,519
Governance,520
Governance,298
Governance,537
Governance,186
Governance,190
Governance,197
Governance,1780
Governance,1043
Governance,1045
Governance,1300
Governance,1303
Governance,1039
Governance,1033
Governance,1031
Governance,1032
Governance,1308
Governance,1312
Governance,789
Governance,793
Governance,794
Governance,608
Governance,619
Governance,1353
Governance,1352
Governance,769
Governance,771
Governance,258
Governance,927
Governance,257
Governance,768
Governance,607
Governance,594
Governance,784
Governance,610
Governance,782
Governance,770
Governance,928
Governance,930
Governance,936
Governance,939
Governance,940
Governance,941
Governance,944
Governance,942
Governance,609
Governance,830
Governance,845
Governance,861
Governance,847
Governance,277
Governance,334
Governance,333
Governance,117
Governance,416
Governance,786
Governance,787
Governance,1701
Governance,709
Governance,2230
Governance,1738
Governance,1739
Governance,1740
Governance,1741
Governance,1742
Governance,1743
Governance,302
Governance,37
Human capacity,38
Human capacity,2334
Human capacity,2235
Human capacity,2051
Human capacity,2125
Human capacity,2129
Human capacity,2132
Human capacity,2366
Human capacity,2367
Human capacity,2126
Human capacity,2099
Human capacity,2100
Human capacity,2101
Human capacity,2120
Human capacity,2127
Human capacity,2122
Human capacity,2123
Human capacity,2130
Human capacity,2131
Human capacity,78
Human capacity,2133
Human capacity,1041
Human capacity,765
Human capacity,766
Human capacity,779
Human capacity,1788
Human capacity,2230
Human capacity,780
Human capacity,287
Human capacity,280
Human capacity,281
Human capacity,282
Human capacity,284
Human capacity,1421
Human capacity,795
Human capacity,1417
Human capacity,1418
Human capacity,2209
Human capacity,2210
Human capacity,2260
Human capacity,2261
Human capacity,1636
Human capacity,271
Human capacity,1420
Human capacity,1187
Human capacity,1189
Human capacity,1593
Human capacity,1597
Human capacity,1598
Human capacity,1606
Human capacity,1643
Human capacity,1665
Human capacity,1667
Human capacity,1668
Human capacity,1669
Human capacity,1670
Human capacity,2118
Human capacity,2119
Human capacity,2207
Human capacity,2208
Human capacity,2214
Human capacity,2239
Human capacity,2252
Human capacity,2253
Human capacity,2254
Human capacity,2256
Human capacity,2257
Human capacity,2258
Human capacity,2259
Human capacity,2269
Human capacity,2331
Human capacity,2335
Human capacity,2336
Human capacity,2337
Human capacity,2338
Human capacity,2353
Human capacity,2354
Human capacity,2355
Human capacity,2372
Human capacity,2373
Human capacity,2374
Human capacity,778
Human capacity,685
Human capacity,1490
Human capacity,617
Human capacity,254
Human capacity,263
Human capacity,264
Human capacity,589
Human capacity,590
Human capacity,597
Human capacity,599
Human capacity,922
Human capacity,923
Human capacity,924
Human capacity,925
Human capacity,1040
Human capacity,1163
Human capacity,1181
Human capacity,1183
Human capacity,1400
Human capacity,1402
Human capacity,1413
Human capacity,1491
Human capacity,1625
Human capacity,1626
Human capacity,1627
Human capacity,1185
Human capacity,603
Human capacity,605
Human capacity,945
Human capacity,946
Human capacity,791
Human capacity,948
Human capacity,2267
Human capacity,790
Human capacity,949
Human capacity,616
Human capacity,1192
Human capacity,1599
Human capacity,1628
Human capacity,68
Human capacity,1325
Human capacity,1333
Human capacity,1671
Human capacity,1672
Human capacity,681
Human capacity,1057
Human capacity,1291
Human capacity,1316
Human capacity,1317
Human capacity,1286
Human capacity,1292
Human capacity,1602
Human capacity,1300
Human capacity,1303
Human capacity,1039
Human capacity,1033
Human capacity,1031
Human capacity,1032
Human capacity,680
Human capacity,1035
Human capacity,1191
Human capacity,1307
Human capacity,1313
Human capacity,1308
Human capacity,1312
Human capacity,2050
Human capacity,1290
Human capacity,1285
Human capacity,1645
Human capacity,1646
Human capacity,2268
Human capacity,2213
Human capacity,2262
Human capacity,947
Human capacity,789
Human capacity,793
Human capacity,794
Human capacity,950
Human capacity,608
Human capacity,619
Human capacity,1641
Human capacity,1630
Human capacity,606
Human capacity,1647
Human capacity,1401
Human capacity,1498
Human capacity,1499
Human capacity,682
Human capacity,1190
Human capacity,2332
Human capacity,2333
Human capacity,1283
Human capacity,1284
Human capacity,1289
Human capacity,1293
Human capacity,1288
Human capacity,1287
Human capacity,598
Human capacity,1188
Human capacity,1205
Human capacity,1207
Human capacity,607
Human capacity,594
Human capacity,942
Human capacity,65
Human capacity,66
Human capacity,1629
Human capacity,1871
Human capacity,286
Human capacity,2015
Human capacity,792
Human capacity,776
Human capacity,788
Human capacity,67
Human capacity,41
Human capacity,931
Human capacity,932
Human capacity,933
Human capacity,960
Human capacity,959
Human capacity,934
Human capacity,70
Human capacity,1631
Human capacity,1633
Human capacity,1634
Human capacity,64
Human capacity,2121
Human capacity,2124
Human capacity,2216
Human capacity,2217
Human capacity,2218
Human capacity,2219
Human capacity,2220
Human capacity,2221
Human capacity,2222
Human capacity,2270
Human capacity,55
Human capacity,2006
Human capacity,2007
Human capacity,2008
Human capacity,2009
Human capacity,2010
Human capacity,2011
Human capacity,2012
Human capacity,2013
Human capacity,2104
Human capacity,2042
Human capacity,2346
Human capacity,2347
Human capacity,2348
Human capacity,2024
Human capacity,2033
Human capacity,2034
Human capacity,2035
Human capacity,2037
Human capacity,2038
Human capital,1880
Human capital,1881
Human capital,1873
Human capital,1874
Human capital,1875
Human capital,1876
Human capital,1877
Human capital,1878
Human capital,1879
Human capital,1882
Human capital,1933
Human capital,1934
Human capital,1935
Human capital,1936
Income related,1919
Income related,1835
Infrastrcuture,2023
Infrastrcuture,2046
Infrastrcuture,55
Infrastrcuture,2099
Infrastrcuture,2100
Infrastrcuture,2101
Infrastrcuture,2120
Infrastrcuture,2127
Infrastrcuture,2369
Infrastrcuture,2371
Infrastrcuture,2375
Infrastrcuture,2250
Infrastrcuture,204
Infrastrcuture,577
Infrastrcuture,673
Infrastrcuture,674
Infrastrcuture,1280
Infrastrcuture,370
Infrastrcuture,376
Infrastrcuture,858
Infrastrcuture,1428
Infrastrcuture,1218
Infrastrcuture,1219
Infrastrcuture,1222
Infrastrcuture,1223
Infrastrcuture,1324
Infrastrcuture,1165
Infrastrcuture,1782
Infrastrcuture,686
Infrastrcuture,687
Infrastrcuture,1069
Infrastrcuture,1033
Infrastrcuture,1031
Infrastrcuture,1032
Infrastrcuture,680
Infrastrcuture,1035
Infrastrcuture,1191
Infrastrcuture,1307
Infrastrcuture,1313
Infrastrcuture,1308
Infrastrcuture,1312
Infrastrcuture,1283
Infrastrcuture,1284
Infrastrcuture,1289
Infrastrcuture,1293
Infrastrcuture,351
Infrastrcuture,331
Infrastrcuture,43
Infrastrcuture,54
Infrastrcuture,166
Infrastrcuture,285
Infrastrcuture,430
Infrastrcuture,490
Infrastrcuture,495
Infrastrcuture,532
Infrastrcuture,842
Infrastrcuture,1707
Infrastrcuture,1752
Infrastrcuture,2043
Infrastrcuture,1188
Infrastrcuture,267
Infrastrcuture,268
Infrastrcuture,1501
Infrastrcuture,71
Infrastrcuture,378
Infrastrcuture,1802
Infrastrcuture,1792
Infrastrcuture,1793
Infrastrcuture,1798
Infrastrcuture,1766
Infrastrcuture,688
Infrastrcuture,367
Infrastrcuture,1070
Infrastrcuture,1528
Infrastrcuture,1511
Infrastrcuture,705
Infrastrcuture,707
Infrastrcuture,2018
Infrastrcuture,2017
Infrastrcuture,1353
Infrastrcuture,1352
Infrastrcuture,1205
Infrastrcuture,1207
Infrastrcuture,1526
Infrastrcuture,2236
Infrastrcuture,2237
Infrastrcuture,2263
Infrastrcuture,1209
Infrastrcuture,2264
Infrastrcuture,1508
Infrastrcuture,2021
Infrastrcuture,1497
Infrastrcuture,189
Infrastrcuture,202
Infrastrcuture,517
Infrastrcuture,83
Infrastrcuture,182
Infrastrcuture,42
Infrastrcuture,56
Infrastrcuture,169
Infrastrcuture,1856
Infrastrcuture,1895
Infrastrcuture,580
Infrastrcuture,582
Infrastrcuture,1493
Infrastrcuture,172
Infrastrcuture,199
Infrastrcuture,501
Infrastrcuture,508
Infrastrcuture,1760
Infrastrcuture,524
Infrastrcuture,87
Infrastrcuture,1718
Infrastrcuture,1714
Infrastrcuture,1757
Infrastrcuture,1914
Infrastrcuture,1916
Infrastrcuture,614
Infrastrcuture,615
Infrastrcuture,704
Infrastrcuture,602
Infrastrcuture,1306
Infrastrcuture,1311
Infrastrcuture,1314
Infrastrcuture,1309
Infrastrcuture,843
Infrastrcuture,236
Infrastrcuture,804
Infrastrcuture,1194
Infrastrcuture,788
Infrastrcuture,1080
Infrastrcuture,1318
Infrastrcuture,1327
Infrastrcuture,1321
Infrastrcuture,1330
Infrastrcuture,1350
Infrastrcuture,1351
Infrastrcuture,955
Infrastrcuture,1873
Infrastrcuture,1874
Infrastrcuture,1875
Infrastrcuture,1876
Infrastrcuture,1877
Infrastrcuture,1878
Infrastrcuture,1879
Infrastrcuture,1882
Infrastrcuture,1933
Infrastrcuture,1934
Infrastrcuture,1935
Infrastrcuture,1936
Infrastrcuture,38
Infrastrcuture,2334
Infrastrcuture,1976
Infrastrcuture,1977
Infrastrcuture,62
Infrastrcuture,2028
Infrastrcuture,1929
Infrastrcuture,1930
Infrastrcuture,1931
Infrastrcuture,1937
Infrastrcuture,1067
Infrastrcuture,1920
Infrastrcuture,1921
Infrastrcuture,1922
Infrastrcuture,1923
Infrastrcuture,1927
Infrastrcuture,1928
Infrastrcuture,1924
Infrastrcuture,1925
Infrastrcuture,1926
Institutions and policies,1206
Institutions and policies,1208
Institutions and policies,1212
Institutions and policies,1215
Institutions and policies,1221
Institutions and policies,1194
Institutions and policies,2050
Institutions and policies,698
Institutions and policies,1781
Institutions and policies,1071
Institutions and policies,1072
Institutions and policies,1073
Institutions and policies,1074
Institutions and policies,1075
Institutions and policies,1076
Institutions and policies,1077
Institutions and policies,1078
Institutions and policies,1079
Institutions and policies,1058
Institutions and policies,684
Institutions and policies,1177
Institutions and policies,1178
Institutions and policies,1179
Institutions and policies,1180
Institutions and policies,699
Institutions and policies,1204
Institutions and policies,1042
Institutions and policies,1044
Institutions and policies,1047
Institutions and policies,1048
Institutions and policies,1049
Institutions and policies,1050
Institutions and policies,1051
Institutions and policies,1052
Institutions and policies,1053
Institutions and policies,1054
Institutions and policies,1055
Institutions and policies,1060
Institutions and policies,1061
Institutions and policies,1062
Institutions and policies,1063
Institutions and policies,1064
Institutions and policies,1065
Institutions and policies,1066
Institutions and policies,1091
Institutions and policies,1092
Institutions and policies,1093
Institutions and policies,1094
Institutions and policies,1095
Institutions and policies,1086
Institutions and policies,1059
Institutions and policies,1290
Institutions and policies,1285
Institutions and policies,1098
Institutions and policies,1099
Institutions and policies,1100
Institutions and policies,1101
Institutions and policies,1102
Institutions and policies,1294
Institutions and policies,1354
Institutions and policies,1355
Institutions and policies,1360
Institutions and policies,1082
Institutions and policies,1083
Institutions and policies,1084
Institutions and policies,1200
Institutions and policies,1201
Institutions and policies,1202
Institutions and policies,1203
Institutions and policies,1869
Institutions and policies,1870
Institutions and policies,1872
Institutions and policies,1867
Institutions and policies,1871
Institutions and policies,1868
Institutions and policies,1920
Institutions and policies,1921
Institutions and policies,1922
Institutions and policies,1923
Institutions and policies,1927
Institutions and policies,1928
Institutions and policies,1924
Institutions and policies,1925
Institutions and policies,1926
Institutions and land policies,1911
Institutions and land policies,1912
Institutions and land policies,1913
Institutions and land policies,1914
Institutions and land policies,1916
Institutions and policies,1608
Institutions and policies,1609
Institutions and policies,1610
Institutions and policies,2016
Institutions and policies,2019
Institutions and policies,2045
Institutions and policies,2048
Institutions and policies,2049
Institutions and policies,1636
Institutions and policies,1645
Institutions and policies,1646
Institutions and policies,1641
Institutions and policies,1630
Institutions and policies,1647
Institutions and policies,2017
Institutions and policies,2021
Institutions and policies,1629
Institutions and policies,1299
Institutions and policies,2134
Institutions and policies,2135
Institutions and policies,2136
Institutions and policies,2137
Institutions and policies,2138
Institutions and policies,2139
Institutions and policies,2327
Institutions and policies,2328
Institutions and policies,1889
Institutions and policies,1890
Institutions and policies,1893
Institutions and policies,1892
Institutions and policies,1891
Institutions and policies,1443
Institutions and policies,1507
Institutions and policies,685
Institutions and policies,846
Institutions and policies,841
Institutions and policies,361
Institutions and policies,362
Institutions and policies,379
Institutions and policies,709
Institutions and policies,1422
Institutions and policies,795
Institutions and policies,1343
Institutions and policies,1894
Institutions and policies,1900
Institutions and policies,1901
Institutions and policies,61
Institutions and policies,82
Institutions and policies,84
Institutions and policies,86
Institutions and policies,279
Institutions and policies,1494
Institutions and policies,1357
Institutions and policies,1359
Institutions and policies,1361
Institutions and policies,848
Institutions and policies,259
Institutions and policies,261
Institutions and policies,290
Institutions and policies,1298
Institutions and policies,1310
Institutions and policies,1315
Institutions and policies,1424
Institutions and policies,1440
Institutions and policies,773
Institutions and policies,1405
Institutions and policies,1319
Institutions and policies,1328
Institutions and policies,1531
Institutions and policies,785
Institutions and policies,777
Institutions and policies,767
Institutions and policies,1404
Institutions and policies,1038
Institutions and policies,1420
Institutions and policies,297
Institutions and policies,859
Institutions and policies,1085
Institutions and policies,1088
Institutions and policies,1089
Institutions and policies,1090
Institutions and policies,1295
Institutions and policies,1296
Institutions and policies,1297
Institutions and policies,1439
Institutions and policies,867
Institutions and policies,269
Institutions and policies,270
Institutions and policies,275
Institutions and policies,276
Institutions and policies,278
Institutions and policies,857
Institutions and policies,865
Institutions and policies,961
Institutions and policies,962
Institutions and policies,308
Institutions and policies,310
Institutions and policies,373
Institutions and policies,871
Institutions and policies,1445
Institutions and policies,866
Institutions and policies,296
Institutions and policies,1068
Institutions and policies,288
Institutions and policies,309
Institutions and policies,860
Institutions and policies,963
Institutions and policies,965
Institutions and policies,966
Institutions and policies,1438
Institutions and policies,1442
Institutions and policies,273
Institutions and policies,274
Institutions and policies,1069
Institutions and policies,1039
Institutions and policies,1033
Institutions and policies,1031
Institutions and policies,1032
Institutions and policies,2268
Institutions and policies,2213
Institutions and policies,2262
Institutions and policies,947
Institutions and policies,789
Institutions and policies,793
Institutions and policies,794
Institutions and policies,950
Institutions and policies,608
Institutions and policies,619
Institutions and policies,1288
Institutions and policies,1287
Institutions and policies,1526
Institutions and policies,1209
Institutions and policies,2264
Institutions and policies,1508
Institutions and policies,256
Institutions and policies,471
Institutions and policies,473
Institutions and policies,620
Institutions and policies,783
Institutions and policies,1166
Institutions and policies,1173
Institutions and policies,1509
Institutions and policies,1594
Institutions and policies,1614
Institutions and policies,1615
Institutions and policies,1616
Institutions and policies,1617
Institutions and policies,1618
Institutions and policies,1619
Institutions and policies,1621
Institutions and policies,1622
Institutions and policies,1623
Institutions and policies,1624
Institutions and policies,1673
Institutions and policies,1732
Institutions and policies,1733
Institutions and policies,1735
Institutions and policies,1736
Institutions and policies,2215
Institutions and policies,2231
Institutions and policies,2232
Institutions and policies,2233
Institutions and policies,2234
Institutions and policies,2243
Institutions and policies,2245
Institutions and policies,2246
Institutions and policies,2247
Institutions and policies,2249
Institutions and policies,2271
Institutions and policies,1097
Institutions and policies,1096
Institutions and policies,951
Institutions and policies,954
Institutions and policies,952
Institutions and policies,953
Institutions and policies,591
Institutions and policies,592
Institutions and policies,593
Institutions and policies,772
Institutions and policies,926
Institutions and policies,937
Institutions and policies,938
Institutions and policies,1416
Institutions and policies,1492
Institutions and policies,929
Institutions and policies,600
Institutions and policies,601
Institutions and policies,300
Institutions and policies,303
Institutions and policies,1175
Institutions and policies,304
Institutions and policies,612
Institutions and policies,613
Institutions and policies,255
Institutions and policies,769
Institutions and policies,771
Institutions and policies,258
Institutions and policies,927
Institutions and policies,257
Institutions and policies,768
Institutions and policies,607
Institutions and policies,594
Institutions and policies,784
Institutions and policies,610
Institutions and policies,782
Institutions and policies,770
Institutions and policies,928
Institutions and policies,930
Institutions and policies,936
Institutions and policies,939
Institutions and policies,940
Institutions and policies,941
Institutions and policies,944
Institutions and policies,942
Institutions and policies,614
Institutions and policies,615
Institutions and policies,704
Institutions and policies,602
Institutions and policies,1306
Institutions and policies,1311
Institutions and policies,1314
Institutions and policies,1309
Institutions and policies,1506
Institutions and policies,1514
Institutions and policies,609
Institutions and policies,1525
Institutions and policies,2265
Institutions and policies,2266
Institutions and policies,710
Institutions and policies,697
Institutions and policies,1323
Institutions and policies,1332
Institutions and policies,1331
Institutions and policies,1322
Institutions and policies,364
Institutions and policies,363
Institutions and policies,514
Institutions and policies,539
Institutions and policies,188
Institutions and policies,1349
Institutions and policies,299
Institutions and policies,1512
Institutions and policies,943
Institutions and policies,1176
Institutions and policies,596
Institutions and policies,595
Institutions and policies,65
Institutions and policies,66
Institutions and policies,830
Institutions and policies,845
Institutions and policies,861
Institutions and policies,847
Institutions and policies,302
Institutions and policies,1304
Institutions and policies,1364
Institutions and policies,1500
Institutions and policies,277
Institutions and policies,792
Institutions and policies,621
Institutions and policies,868
Institutions and policies,1510
Institutions and policies,611
Institutions and policies,964
Institutions and policies,1423
Institutions and policies,1348
Institutions and policies,1318
Institutions and policies,1327
Institutions and policies,786
Institutions and policies,787
Institutions and policies,2025
Institutions and policies,2098
Institutions and policies,72
Institutions and policies,73
Institutions and policies,74
Institutions and policies,75
Institutions and policies,76
Institutions and policies,77
Institutions and policies,2236
Institutions and policies,2237
Institutions and policies,2263
Institutions and policies,1932
Institutions and policies,1214
Institutions and policies,1773
Institutions and policies,1776
Institutions and policies,513
Institutions and policies,1772
Institutions and policies,1774
Institutions and policies,1777
Land degradation,1840
Institutions and land policies,1869
Institutions and land policies,1870
Institutions and land policies,1872
Institutions and land policies,1867
Institutions and land policies,1871
Institutions and land policies,1868
Location specific,1497
Location specific,1493
Location specific,217
Location specific,830
Location specific,845
Location specific,861
Location specific,843
Location specific,224
Maritime related,324
Maritime related,314
Maritime related,313
Maritime related,320
Maritime related,106
Maritime related,107
Maritime related,108
Maritime related,109
Maritime related,110
Maritime related,111
Maritime related,325
Maritime related,1464
Maritime related,1465
Maritime related,1466
Maritime related,321
Maritime related,1258
Maritime related,323
Maritime related,1691
Maritime related,1692
Maritime related,1693
Maritime related,1703
Maritime related,1704
Maritime related,1
Maritime related,2
Maritime related,7
Maritime related,8
Maritime related,11
Maritime related,13
Maritime related,17
Maritime related,18
Maritime related,19
Maritime related,95
Maritime related,96
Maritime related,406
Maritime related,407
Maritime related,631
Maritime related,638
Maritime related,639
Maritime related,640
Maritime related,643
Maritime related,648
Maritime related,649
Maritime related,651
Maritime related,652
Maritime related,653
Maritime related,654
Maritime related,670
Maritime related,671
Maritime related,976
Maritime related,1111
Maritime related,1127
Maritime related,1128
Maritime related,1242
Maritime related,1249
Maritime related,1683
Maritime related,892
Maritime related,1261
Maritime related,422
Maritime related,123
Maritime related,1143
Maritime related,395
Maritime related,728
Biophysical,728
Maritime related,729
Biophysical,729
Market,45
Market,47
Market access,1914
Market access,1916
Market access,1917
Market access,1918
Migration related,1834
National-level,1919
Network dependent,83
Network dependent,87
Network dependent,85
Network dependent,379
Network dependent,194
Network dependent,195
Network dependent,356
Network dependent,1768
Network dependent,1335
Network dependent,1336
Network dependent,1337
Network dependent,1338
Network dependent,1339
Network dependent,1340
Network dependent,696
Network dependent,1326
Network dependent,1356
Network dependent,1358
Network dependent,1362
Network dependent,1204
Network dependent,373
Network dependent,871
Network dependent,1445
Network dependent,866
Network dependent,296
Network dependent,793
Network dependent,1209
Network dependent,189
Network dependent,202
Network dependent,1098
Network dependent,1099
Network dependent,1100
Network dependent,1101
Network dependent,1102
Network dependent,704
Network dependent,1506
Network dependent,1514
Network dependent,609
Network dependent,1525
Network dependent,1214
Network dependent,847
Network dependent,1348
Network dependent,1363
Network dependent,369
Network required,184
Network required,185
Network required,502
Network required,518
Network required,1800
Network required,530
Network required,529
Network dependent,516
Network dependent,2264
Network dependent,2265
Network dependent,2266
Network dependent,1225
Network dependent,1226
Network dependent,1227
Network dependent,1224
Network dependent,1217
Network dependent,1220
Network dependent,1216
Network dependent,1218
Network dependent,1219
Network dependent,1222
Network dependent,1223
Partnership required,1082
Partnership required,1083
Partnership required,1084
Partnership required,606
Partnership required,1348
Partnership required,1787
Partnership required,1791
Partnership required,380
Partnership required,1341
Partnership required,282
Partnership required,503
Partnership required,507
Partnership required,509
Partnership required,510
Partnership required,512
Partnership required,1762
Partnership required,1763
Partnership required,180
Partnership required,181
Partnership required,1225
Partnership required,1226
Partnership required,1227
Partnership required,1224
Partnership required,1217
Partnership required,1220
Partnership required,1216
Partnership required,1218
Partnership required,1219
Partnership required,1222
Partnership required,1223
Partnership required,1335
Partnership required,1336
Partnership required,1337
Partnership required,1338
Partnership required,1339
Partnership required,1340
Partnership required,696
Partnership required,1326
Partnership required,690
Partnership required,536
Partnership required,1767
Partnership required,1769
Partnership required,1356
Partnership required,1358
Partnership required,1362
Partnership required,1799
Partnership required,1636
Partnership required,296
Partnership required,519
Partnership required,520
Partnership required,186
Partnership required,190
Partnership required,197
Partnership required,1647
Partnership required,1766
Partnership required,2264
Partnership required,202
Partnership required,517
Partnership required,83
Partnership required,182
Partnership required,87
Partnership required,1097
Partnership required,784
Partnership required,2265
Partnership required,2266
Partnership required,710
Partnership required,697
Partnership required,188
Partnership required,529
Partnership required,302
Partnership required,176
Partnership required,179
Partnership required,203
Partnership required,1419
Partnership required,357
Partnership required,67
Partnership required,1363
Partnership required,527
Partnership required,540
Partnership required,541
Partnership required,542
Partnership required,543
Partnership required,544
Partnership required,355
Partnership required,1199
Partnership required,191
Partnership required,691
Partnership required,1344
Partnership required,1347
Partnership required,1320
Partnership required,1329
Partnership required,1071
Partnership required,1072
Partnership required,1073
Partnership required,1074
Partnership required,1075
Partnership required,1076
Partnership required,1077
Partnership required,1078
Partnership required,1079
Partnership required,1204
Partnership required,1068
Partnership required,1098
Partnership required,1099
Partnership required,1100
Partnership required,1101
Partnership required,1102
Partnership required,1323
Partnership required,1332
Partnership required,1331
Partnership required,1322
Partnership required,1349
Partnership required,1214
Partnership required,1214
Partnership required,85
Partnership required,1200
Partnership required,1201
Partnership required,1202
Partnership required,1203
Pest and diseases,1784
Pest and diseases,1790
Pest and diseases,1770
Pest and diseases,486
Pest and diseases,2122
Pest and diseases,2123
Pest and diseases,1974
Pest and diseases,2152
Pest and diseases,2153
Pest and diseases,2181
Pest and diseases,2182
Pest and diseases,2330
Pest and diseases,408
Pest and diseases,428
Pest and diseases,459
Pest and diseases,460
Pest and diseases,465
Pest and diseases,466
Pest and diseases,479
Pest and diseases,678
Pest and diseases,1600
Pest and diseases,1601
Pest and diseases,1725
Pest and diseases,1744
Pest and diseases,1755
Pest and diseases,2103
Pest and diseases,2309
Pest and diseases,145
Pest and diseases,146
Pest and diseases,1892
Pest and diseases,368
Pest and diseases,1342
Pest and diseases,1346
Pest and diseases,2211
Pest and diseases,1924
Pest and diseases,1925
Pest and diseases,1926
Pest and diseases,150
Pest and diseases,151
Pest and diseases,1721
Pest and diseases,1748
Pest and diseases,1759
Pest and diseases,1979
Pest and diseases,1854
Pest and diseases,1855
Pest and diseases,1864
Pest and diseases,1865
Pest and diseases,523
Pest and diseases,528
Pest and diseases,1891
Pest and diseases,149
Pest and diseases,2014
Pest and diseases,1880
Pest and diseases,1881
Pest and diseases,2235
Pest and diseases,2192
Pest and diseases,1448
Pest and diseases,2149
Pest and diseases,2150
Pest and diseases,2151
Pest and diseases,2029
Pest and diseases,2030
Pest and diseases,249
Pest and diseases,250
Pest and diseases,585
Pest and diseases,586
Pest and diseases,742
Pest and diseases,745
Pest and diseases,901
Pest and diseases,902
Pest and diseases,903
Pest and diseases,1410
Pest and diseases,1412
Pest and diseases,265
Pest and diseases,1401
Pest and diseases,1710
Pest and diseases,2071
Pest and diseases,2072
Pest and diseases,2073
Pest and diseases,2286
Pest and diseases,2287
Pest and diseases,2295
Pest and diseases,2298
Pest and diseases,2300
Pest and diseases,1467
Pest and diseases,827
Pest and diseases,828
Pest and diseases,1387
Pest and diseases,1388
Pest and diseases,1389
Pest and diseases,2082
Pest and diseases,2083
Pest and diseases,2084
Pest and diseases,1304
Pest and diseases,533
Pest and diseases,1301
Pest and diseases,1765
Pest and diseases,1965
Pest and diseases,722
Pest and diseases,730
Pest and diseases,560
Pest and diseases,888
Pest and diseases,890
Pest and diseases,809
Pest and diseases,810
Pest and diseases,1382
Pest and diseases,1383
Pest and diseases,957
Pest and diseases,1460
Pest and diseases,556
Pest and diseases,723
Pest and diseases,731
Pest and diseases,887
Pest and diseases,889
Pest and diseases,811
Pest and diseases,812
Pest and diseases,1370
Pest and diseases,1371
Pest and diseases,1954
Policy and institution,2357
Policy and institution,2339
Policy and institution,2340
Policy and institution,2343
Policy and institution,2359
Policy and institution,2362
Policy and institution,298
Policy and institution,286
Policy level,525
Policy level,192
Policy level,521
Policy level,365
Policy level,361
Policy level,362
Policy level,1796
Policy level,1800
Policy level,526
Policy level,1771
Policy level,366
Policy level,1199
Policy level,177
Policy level,1068
Policy level,537
Policy level,1098
Policy level,1099
Policy level,1100
Policy level,1101
Policy level,1102
Policy level,364
Policy level,363
Policy level,514
Policy level,539
Policy level,188
Policy level,1349
Policy level,513
Policy level,1772
Policy level,1774
Policy level,1777
Policy level,1082
Policy level,1083
Policy level,1084
Policy level,1200
Policy level,1201
Policy level,1202
Policy level,1203
Policy level,1803
Policy level,203
Policy level,187
Policy level,505
Policy level,191
Policy level,359
Policy level,358
Policy level,360
Policy level,1364
Policy level,1326
Policy level,1356
Policy level,1358
Policy level,1362
Policy level,848
Policy level,1420
Policy level,1443
Policy level,961
Policy level,962
Policy level,308
Policy level,310
Policy level,288
Policy level,309
Policy level,860
Policy level,963
Policy level,965
Policy level,966
Policy level,1438
Policy level,1442
Policy level,298
Policy level,947
Policy level,794
Policy level,950
Policy level,608
Policy level,619
Policy level,606
Policy level,1508
Policy level,951
Policy level,954
Policy level,952
Policy level,953
Policy level,610
Policy level,697
Policy level,299
Policy level,1512
Policy level,611
Policy level,964
Policy level,1423
Policy level,782
Policy level,186
Policy level,190
Policy level,197
Rainfall related,1970
Rainfall related,2074
Rainfall related,372
Rainfall related,375
Rainfall related,2212
Rainfall related,1694
Rainfall related,1696
Rainfall related,1697
Rainfall related,1698
Rainfall related,1700
Rainfall related,661
Rainfall related,104
Rainfall related,1976
Rainfall related,1977
Rainfall related,2105
Rainfall related,2106
Rainfall related,2107
Rainfall related,2108
Rainfall related,2109
Rainfall related,2110
Rainfall related,2111
Rainfall related,2112
Rainfall related,2113
Rainfall related,2114
Rainfall related,2115
Rainfall related,2116
Rainfall related,2117
Rainfall related,2058
Rainfall related,2059
Rainfall related,2060
Rainfall related,2061
Rainfall related,2080
Rainfall related,2081
Rainfall related,2096
Rainfall related,2102
Rainfall related,2288
Rainfall related,1985
Rainfall related,224
Rainfall related,3
Rainfall related,4
Rainfall related,5
Rainfall related,6
Rainfall related,9
Rainfall related,10
Rainfall related,12
Rainfall related,94
Rainfall related,105
Rainfall related,387
Rainfall related,390
Rainfall related,391
Rainfall related,397
Rainfall related,398
Rainfall related,401
Rainfall related,402
Rainfall related,405
Rainfall related,409
Rainfall related,412
Rainfall related,433
Rainfall related,434
Rainfall related,437
Rainfall related,444
Rainfall related,445
Rainfall related,446
Rainfall related,624
Rainfall related,625
Rainfall related,627
Rainfall related,628
Rainfall related,632
Rainfall related,641
Rainfall related,642
Rainfall related,644
Rainfall related,645
Rainfall related,646
Rainfall related,658
Rainfall related,659
Rainfall related,660
Rainfall related,664
Rainfall related,665
Rainfall related,669
Rainfall related,970
Rainfall related,971
Rainfall related,973
Rainfall related,974
Rainfall related,975
Rainfall related,979
Rainfall related,982
Rainfall related,985
Rainfall related,986
Rainfall related,988
Rainfall related,990
Rainfall related,991
Rainfall related,992
Rainfall related,994
Rainfall related,997
Rainfall related,998
Rainfall related,999
Rainfall related,1000
Rainfall related,1001
Rainfall related,1002
Rainfall related,1003
Rainfall related,1108
Rainfall related,1109
Rainfall related,1110
Rainfall related,1112
Rainfall related,1115
Rainfall related,1119
Rainfall related,1120
Rainfall related,1122
Rainfall related,1123
Rainfall related,1137
Rainfall related,1138
Rainfall related,1234
Rainfall related,1235
Rainfall related,1236
Rainfall related,1237
Rainfall related,1238
Rainfall related,1239
Rainfall related,1240
Rainfall related,1241
Rainfall related,1244
Rainfall related,1245
Rainfall related,1247
Rainfall related,1250
Rainfall related,1532
Rainfall related,1533
Rainfall related,1556
Rainfall related,1678
Rainfall related,1679
Rainfall related,1680
Rainfall related,1681
Rainfall related,1685
Rainfall related,1686
Rainfall related,1687
Rainfall related,1688
Rainfall related,1711
Rainfall related,1808
Rainfall related,1809
Rainfall related,1810
Rainfall related,1813
Rainfall related,1814
Rainfall related,1815
Rainfall related,1816
Rainfall related,1817
Rainfall related,1818
Rainfall related,1819
Rainfall related,1820
Rainfall related,1821
Rainfall related,1822
Rainfall related,1828
Rainfall related,1829
Rainfall related,1830
Rainfall related,1843
Rainfall related,1845
Rainfall related,1942
Rainfall related,1943
Rainfall related,1944
Rainfall related,1945
Rainfall related,1946
Rainfall related,1947
Rainfall related,1948
Rainfall related,1952
Rainfall related,1960
Rainfall related,1961
Rainfall related,1963
Rainfall related,1964
Rainfall related,1966
Rainfall related,2065
Rainfall related,2066
Rainfall related,2067
Rainfall related,2068
Rainfall related,2075
Rainfall related,2086
Rainfall related,2087
Rainfall related,2161
Rainfall related,2285
Rainfall related,2291
Rainfall related,714
Rainfall related,715
Rainfall related,716
Rainfall related,718
Rainfall related,719
Rainfall related,724
Rainfall related,736
Rainfall related,1451
Rainfall related,1452
Rainfall related,1453
Rainfall related,1454
Rainfall related,1458
Rainfall related,1461
Rainfall related,722
Rainfall related,730
Rainfall related,738
Rainfall related,739
Rainfall related,740
Rainfall related,148
Rainfall related,211
Rainfall related,212
Rainfall related,213
Rainfall related,214
Rainfall related,222
Rainfall related,223
Rainfall related,225
Rainfall related,226
Rainfall related,227
Rainfall related,228
Rainfall related,229
Rainfall related,230
Rainfall related,235
Rainfall related,246
Rainfall related,247
Rainfall related,553
Rainfall related,554
Rainfall related,558
Rainfall related,559
Rainfall related,561
Rainfall related,563
Rainfall related,732
Rainfall related,733
Rainfall related,798
Rainfall related,799
Rainfall related,800
Rainfall related,801
Rainfall related,805
Rainfall related,806
Rainfall related,808
Rainfall related,813
Rainfall related,814
Rainfall related,815
Rainfall related,817
Rainfall related,826
Rainfall related,873
Rainfall related,874
Rainfall related,876
Rainfall related,877
Rainfall related,878
Rainfall related,880
Rainfall related,881
Rainfall related,882
Rainfall related,884
Rainfall related,891
Rainfall related,893
Rainfall related,1375
Rainfall related,1379
Rainfall related,1380
Rainfall related,1381
Rainfall related,1385
Rainfall related,1386
Rainfall related,1455
Rainfall related,1456
Rainfall related,1462
Rainfall related,2163
Rainfall related,2165
Rainfall related,2168
Rainfall related,2169
Rainfall related,560
Rainfall related,888
Rainfall related,890
Rainfall related,816
Rainfall related,415
Rainfall related,236
Rainfall related,804
Rainfall related,809
Rainfall related,810
Rainfall related,1382
Rainfall related,1383
Rainfall related,2015
Rainfall related,410
Rainfall related,411
Rainfall related,417
Rainfall related,418
Rainfall related,423
Rainfall related,127
Rainfall related,1254
Rainfall related,1255
Rainfall related,1256
Rainfall related,1257
Rainfall related,1971
Rainfall related,1972
Rainfall related,1981
Rainfall related,2174
Rainfall related,2175
Rainfall related,2177
Rainfall related,2178
Rainfall related,1836
Rainfall related,1837
Rainfall related,1838
Rainfall related,1858
Rainfall related,1859
Rainfall related,231
Rainfall related,232
Rainfall related,233
Rainfall related,819
Rainfall related,820
Rainfall related,821
Rainfall related,822
Rainfall related,895
Rainfall related,896
Rainfall related,656
Rainfall related,823
Rainfall related,824
Rainfall related,825
Rainfall related,655
Rainfall related,118
Rainfall related,124
Rainfall related,1276
Rainfall related,20
Rainfall related,99
Rainfall related,1542
Rainfall related,2149
Rainfall related,2150
Rainfall related,2151
Rainfall related,1560
Rainfall related,1561
Rainfall related,1562
Rainfall related,1949
Rainfall related,1950
Rainfall related,1951
Rainfall related,399
Rainfall related,400
Rainfall related,403
Rainfall related,2162
Research and development,1314
Research and development,80
Research and development,81
Research and development,492
Research and development,496
Research and development,497
Research and development,498
Research and development,2140
Research and development,2141
Research and development,2142
Research and development,2143
Research and development,2144
Research and development,2358
Research and development,2241
Research and development,78
Research and development,37
Research and development,1343
Research and development,1894
Research and development,1900
Research and development,1901
Research and development,1097
Research and development,846
Research and development,935
Research and development,1411
Research and development,380
Research and development,180
Research and development,181
Research and development,689
Research and development,850
Research and development,851
Research and development,852
Research and development,853
Research and development,2260
Research and development,2261
Research and development,534
Research and development,545
Research and development,1069
Research and development,1780
Research and development,685
Research and development,1031
Research and development,1032
Research and development,1070
Research and development,182
Research and development,1920
Research and development,1921
Research and development,1922
Research and development,1923
Research and development,1927
Research and development,1928
Research and development,952
Research and development,953
Research and development,1309
Research and development,1525
Research and development,943
Research and development,302
Research and development,1342
Research and development,1346
Research and development,1924
Research and development,1925
Research and development,1926
Research and development,523
Research and development,528
Research and development,1765
Research and development,493
Research and development,499
Research and development,2240
Research and development,2349
Research and development,2351
Research and development,2368
Research and development,1500
Research and development,958
Research and development,1803
Research and development,277
Research and development,792
Research and development,1215
Research and development,1221
Research and development,1194
Research and development,621
Research and development,868
Research and development,1510
Research and development,611
Research and development,964
Research and development,1423
Research and development,176
Research and development,179
Research and development,2014
Research and development,957
Research and development,203
Research and development,1795
Research and development,1348
Research and development,1419
Research and development,1321
Research and development,1330
Research and development,1764
Research and development,2047
Research and development,1198
Research and development,1350
Research and development,1351
Research and development,174
Research and development,175
Research and development,183
Research and development,504
Research and development,511
Research and development,44
Research and development,784
Season Related,453
Season Related,2296
Season Related,93
Season Related,103
Season Related,388
Season Related,394
Season Related,633
Season Related,662
Season Related,663
Season Related,666
Season Related,1270
Season Related,2280
Season Related,216
Season Related,116
Season Related,122
Season Related,133
Season Related,142
Season Related,1277
Season Related,454
Season Related,455
Season Related,679
Season Related,2015
Season Related,1719
Season Related,1720
Season Related,1140
Season Related,1148
Season Related,1152
Season Related,1694
Season Related,59
Season Related,447
Season Related,1124
Season Related,1125
Season Related,1982
Season Related,1986
Season Related,2020
Season Related,1861
Season Related,1863
Season Related,2076
Season Related,2077
Sensitivity and susceptibility to harm,49
Sensitivity and susceptibility to harm,50
Sensitivity and susceptibility to harm,51
Sensitivity and susceptibility to harm,52
Sensitivity and susceptibility to harm,1994
Socio-economic,63
Socio-economic,36
Socio-economic,39
Socio-economic,1011
Socio-economic,116
Socio-economic,122
Socio-economic,133
Socio-economic,142
Socio-economic,153
Socio-economic,154
Socio-economic,410
Socio-economic,411
Socio-economic,417
Socio-economic,418
Socio-economic,423
Socio-economic,453
Socio-economic,2172
Socio-economic,2173
Socio-economic,2180
Socio-economic,2183
Socio-economic,2184
Socio-economic,2185
Socio-economic,2186
Socio-economic,2187
Socio-economic,2196
Socio-economic,2304
Socio-economic,2314
Socio-economic,2377
Socio-economic,2378
Socio-economic,2379
Socio-economic,2380
Socio-economic,327
Socio-economic,2192
Socio-economic,1591
Socio-economic,1603
Socio-economic,1604
Socio-economic,1605
Socio-economic,1010
Socio-economic,2079
Socio-economic,27
Socio-economic,28
Socio-economic,29
Socio-economic,30
Socio-economic,31
Socio-economic,32
Socio-economic,33
Socio-economic,34
Socio-economic,40
Socio-economic,136
Socio-economic,137
Socio-economic,1159
Socio-economic,1161
Socio-economic,1162
Socio-economic,1574
Socio-economic,1575
Socio-economic,1576
Socio-economic,1577
Socio-economic,1579
Socio-economic,1580
Socio-economic,1581
Socio-economic,1582
Socio-economic,1583
Socio-economic,1584
Socio-economic,1585
Socio-economic,1586
Socio-economic,1587
Socio-economic,1588
Socio-economic,1590
Socio-economic,1712
Socio-economic,1749
Socio-economic,1750
Socio-economic,2191
Socio-economic,2193
Socio-economic,2194
Socio-economic,2195
Socio-economic,2197
Socio-economic,2198
Socio-economic,2199
Socio-economic,2200
Socio-economic,2201
Socio-economic,2202
Socio-economic,2203
Socio-economic,2204
Socio-economic,2205
Socio-economic,120
Socio-economic,131
Socio-economic,132
Socio-economic,138
Socio-economic,162
Socio-economic,163
Socio-economic,164
Socio-economic,165
Socio-economic,1713
Socio-economic,1715
Socio-economic,1193
Socio-economic,1171
Socio-economic,1172
Socio-economic,170
Socio-economic,1717
Socio-economic,147
Socio-economic,1185
Socio-economic,42
Socio-economic,56
Socio-economic,169
Socio-economic,1714
Socio-economic,1757
Socio-economic,1176
Socio-economic,1868
Socio-economic,1258
Socio-economic,1261
Socio-economic,150
Socio-economic,151
Socio-economic,1721
Socio-economic,1748
Socio-economic,1759
Socio-economic,1979
Socio-economic,149
Socio-economic,127
Socio-economic,1254
Socio-economic,1255
Socio-economic,1256
Socio-economic,1257
Socio-economic,1971
Socio-economic,1972
Socio-economic,1981
Socio-economic,2174
Socio-economic,2175
Socio-economic,2177
Socio-economic,2178
Socio-economic,1276
Socio-economic,1696
Socio-economic,1697
Socio-economic,1698
Socio-economic,1700
Socio-economic,1277
Socio-economic,1982
Socio-economic,1986
Socio-economic,2020
Socio-economic,1719
Socio-economic,1720
Socio-economic,383
Socio-economic,60
Socio-economic,88
Socio-economic,89
Socio-economic,90
Socio-economic,91
Socio-economic,139
Socio-economic,140
Socio-economic,141
Socio-economic,155
Socio-economic,157
Socio-economic,160
Socio-economic,1012
Socio-economic,1013
Socio-economic,1014
Socio-economic,1015
Socio-economic,1016
Socio-economic,1017
Socio-economic,1018
Socio-economic,1019
Socio-economic,1020
Socio-economic,1021
Socio-economic,1024
Socio-economic,1025
Socio-economic,1026
Socio-economic,1027
Socio-economic,1028
Socio-economic,1029
Socio-economic,1030
Socio-economic,1578
Socio-economic,1675
Socio-economic,1676
Socio-economic,1677
Socio-economic,1708
Socio-economic,1804
Socio-economic,1805
Socio-economic,1806
Socio-economic,1807
Socio-economic,2085
Socio-economic,2088
Socio-economic,2089
Socio-economic,2090
Socio-economic,2091
Socio-economic,2092
Socio-economic,2093
Socio-economic,2094
Socio-economic,2095
Socio-economic,2146
Socio-economic,2147
Socio-economic,2148
Socio-economic,341
Socio-economic,1797
Socio-economic,1801
Socio-economic,58
Socio-economic,41
Socio-economic,128
Socio-economic,1251
Socio-economic,1253
Socio-economic,1259
Socio-economic,1260
Socio-economic,1699
Socio-economic,1969
Socio-economic,2179
Socio-economic,115
Socio-economic,20
Socio-economic,2176
Socio-economic,1758
Socio-economic,171
Socio-economic,121
Socio-economic,144
Socio-economic,1702
Socio-economic,435
Socio-economic,436
Socio-economic,438
Socio-economic,439
Socio-economic,440
Socio-economic,441
Socio-economic,442
Socio-economic,443
Socio-economic,449
Socio-economic,450
Socio-economic,451
Socio-economic,452
Socio-economic,456
Socio-economic,551
Socio-economic,1154
Socio-economic,1848
Socio-economic,1857
Socio-economic,1856
Socio-economic,1895
Socio-economic,1836
Socio-economic,1837
Socio-economic,1838
Socio-economic,1858
Socio-economic,1859
Socio-economic,2006
Socio-economic,2007
Socio-economic,2008
Socio-economic,2009
Socio-economic,2010
Socio-economic,2011
Socio-economic,2012
Socio-economic,2013
Socio-economic,2104
Socio-economic,2098
Socio-economic,1560
Socio-economic,1561
Socio-economic,1562
Socio-economic,1557
Socio-economic,1558
Socio-economic,1559
Socio-economic,1563
Socio-economic,1968
Socio-economic,1973
Socio-economic,1472
Socio-economic,1473
Socio-economic,773
Socio-economic,767
Socio-economic,738
Socio-economic,739
Socio-economic,740
Socio-economic,1403
Socio-economic,774
Socio-economic,239
Socio-economic,240
Socio-economic,243
Socio-economic,245
Socio-economic,573
Socio-economic,581
Socio-economic,583
Socio-economic,584
Socio-economic,587
Socio-economic,754
Socio-economic,756
Socio-economic,758
Socio-economic,898
Socio-economic,899
Socio-economic,1005
Socio-economic,1265
Socio-economic,1266
Socio-economic,1267
Socio-economic,1268
Socio-economic,1269
Socio-economic,1274
Socio-economic,1275
Socio-economic,1281
Socio-economic,1390
Socio-economic,1391
Socio-economic,1392
Socio-economic,1393
Socio-economic,1396
Socio-economic,1474
Socio-economic,241
Socio-economic,574
Socio-economic,576
Socio-economic,750
Socio-economic,753
Socio-economic,755
Socio-economic,1399
Socio-economic,1476
Socio-economic,1477
Socio-economic,832
Socio-economic,838
Socio-economic,839
Socio-economic,1531
Socio-economic,237
Socio-economic,238
Socio-economic,757
Socio-economic,273
Socio-economic,274
Socio-economic,1043
Socio-economic,1045
Socio-economic,1498
Socio-economic,1499
Socio-economic,682
Socio-economic,1497
Socio-economic,580
Socio-economic,582
Socio-economic,1493
Socio-economic,768
Socio-economic,594
Socio-economic,770
Socio-economic,928
Socio-economic,930
Socio-economic,936
Socio-economic,939
Socio-economic,940
Socio-economic,941
Socio-economic,944
Socio-economic,942
Socio-economic,602
Socio-economic,596
Socio-economic,595
Socio-economic,422
Socio-economic,123
Socio-economic,1143
Socio-economic,816
Socio-economic,231
Socio-economic,232
Socio-economic,233
Socio-economic,819
Socio-economic,820
Socio-economic,821
Socio-economic,822
Socio-economic,895
Socio-economic,896
Socio-economic,656
Socio-economic,823
Socio-economic,824
Socio-economic,825
Socio-economic,454
Socio-economic,455
Socio-economic,679
Socio-economic,1861
Socio-economic,1863
Socio-economic,337
Socio-economic,382
Socio-economic,340
Socio-economic,354
Socio-economic,332
Socio-economic,329
Socio-economic,206
Socio-economic,207
Socio-economic,208
Socio-economic,248
Socio-economic,494
Socio-economic,535
Socio-economic,548
Socio-economic,549
Socio-economic,550
Socio-economic,552
Socio-economic,657
Socio-economic,675
Socio-economic,711
Socio-economic,712
Socio-economic,713
Socio-economic,840
Socio-economic,1008
Socio-economic,1036
Socio-economic,1103
Socio-economic,1104
Socio-economic,1105
Socio-economic,1106
Socio-economic,1132
Socio-economic,1133
Socio-economic,1134
Socio-economic,1135
Socio-economic,1136
Socio-economic,1144
Socio-economic,1145
Socio-economic,1146
Socio-economic,1147
Socio-economic,1149
Socio-economic,1151
Socio-economic,1365
Socio-economic,1366
Socio-economic,1367
Socio-economic,1369
Socio-economic,1397
Socio-economic,1595
Socio-economic,1674
Socio-economic,1978
Socio-economic,1980
Socio-economic,1983
Socio-economic,1987
Socio-economic,1989
Socio-economic,1990
Socio-economic,1991
Socio-economic,1992
Socio-economic,1993
Socio-economic,1995
Socio-economic,1996
Socio-economic,1997
Socio-economic,1998
Socio-economic,1999
Socio-economic,2000
Socio-economic,2001
Socio-economic,2002
Socio-economic,2003
Socio-economic,2004
Socio-economic,2005
Socio-economic,2022
Socio-economic,2053
Socio-economic,2054
Socio-economic,2055
Socio-economic,2056
Socio-economic,781
Socio-economic,904
Socio-economic,905
Socio-economic,906
Socio-economic,913
Socio-economic,914
Socio-economic,1037
Socio-economic,908
Socio-economic,173
Socio-economic,198
Socio-economic,500
Socio-economic,1761
Socio-economic,575
Socio-economic,676
Socio-economic,677
Socio-economic,907
Socio-economic,1228
Socio-economic,1229
Socio-economic,1230
Socio-economic,1231
Socio-economic,1232
Socio-economic,1475
Socio-economic,1483
Socio-economic,1485
Socio-economic,334
Socio-economic,374
Socio-economic,333
Socio-economic,187
Socio-economic,505
Socio-economic,191
Socio-economic,234
Socio-economic,419
Socio-economic,420
Socio-economic,421
Socio-economic,897
Socio-economic,1141
Socio-economic,1142
Socio-economic,328
Socio-economic,934
Socio-economic,326
Socio-economic,2145
Socio-economic,2105
Socio-economic,2106
Socio-economic,2107
Socio-economic,2108
Socio-economic,2109
Socio-economic,2110
Socio-economic,2111
Socio-economic,2112
Socio-economic,2113
Socio-economic,2114
Socio-economic,2115
Socio-economic,2116
Socio-economic,2117
Socio-economic,1140
Socio-economic,1148
Socio-economic,1152
Socio-economic,1854
Socio-economic,1855
Socio-economic,1864
Socio-economic,1865
Socio-economic,1849
Socio-economic,1850
Socio-economic,1851
Socio-economic,1852
Socio-economic,1853
Socio-economic,1860
Socio-economic,1862
Socio-economic,1896
Socio-economic,1939
Socio-economic,1940
Socio-economic,1941
Socio-economic,1033
Susceptibility to adaptation harm,80
Susceptibility to adaptation harm,81
Technology,55
Technology,2042
Technology,2346
Technology,2347
Technology,2348
Technology,2024
Technology,2033
Technology,2034
Technology,2035
Technology,2037
Technology,2038
Technology,62
Technology,2028
Technology,44
Technology,80
Technology,81
Technology,53
Technology,69
Technology,1765
Technology,1343
Technology,1894
Technology,1900
Technology,1901
Technology,1097
Technology,1096
Technology,1915
Technology,1787
Technology,1791
Technology,372
Technology,1422
Technology,284
Technology,604
Technology,1430
Technology,1324
Technology,785
Technology,1917
Technology,1918
Technology,1069
Technology,1033
Technology,1031
Technology,1032
Technology,1190
Technology,1283
Technology,1284
Technology,1289
Technology,1293
Technology,1288
Technology,1287
Technology,1352
Technology,172
Technology,199
Technology,501
Technology,508
Technology,1760
Technology,524
Technology,87
Technology,1294
Technology,1354
Technology,1355
Technology,1360
Technology,600
Technology,601
Technology,1306
Technology,1311
Technology,1314
Technology,1309
Technology,595
Technology,1784
Technology,1790
Technology,1770
Technology,523
Technology,528
Technology,533
Technology,1795
Technology,1348
Technology,1419
Technology,374
Technology,491
Technology,1596
Technology,1724
Technology,1729
Technology,2026
Technology,2027
Technology,776
Technology,253
Technology,1414
Technology,1415
Technology,357
Technology,788
Technology,67
Technology,1919
Technology,1080
Technology,1318
Technology,1327
Technology,1321
Technology,1330
Technology,1932
Technology,1363
Technology,527
Technology,540
Technology,541
Technology,542
Technology,543
Technology,544
Technology,1764
Technology,2047
Technology,1198
Technology,1350
Technology,1351
Technology,174
Technology,174
Technology,175
Technology,175
Technology,183
Technology,183
Technology,504
Technology,504
Technology,511
Technology,511
Technology,58
Technology,41
Technology,1902
Technology,1903
Technology,1904
Technology,1905
Technology,1906
Technology,1907
Technology,1908
Technology,1909
Technology,1910
Technology,531
Technology,2044
Technology,2051
Technology,2125
Technology,2129
Technology,2132
Technology,2366
Technology,2367
Technology,2126
Technology,2099
Technology,2100
Technology,2101
Technology,2120
Technology,2127
Technology,2122
Technology,2123
Technology,2369
Technology,2371
Technology,2375
Technology,2029
Technology,2030
Technology,492
Technology,496
Technology,497
Technology,498
Technology,2140
Technology,2141
Technology,2142
Technology,2143
Technology,2144
Technology,1929
Technology,1930
Technology,1931
Technology,1937
Technology,701
Research and development,701
Technology,2332
Technology,2333
Technology,1205
Technology,1207
Temperature related,1846
Temperature related,416
Temperature related,2176
Temperature and pests related,1844
Temperature and rainfall related,1975
Temperature related,1949
Temperature related,1950
Temperature related,1951
Temperature related,1953
Temperature related,2062
Temperature related,2302
Temperature related,2296
Temperature related,100
Temperature related,1866
Temperature related,1811
Temperature related,1833
Temperature related,1965
Temperature related,14
Temperature related,15
Temperature related,16
Temperature related,92
Temperature related,389
Temperature related,392
Temperature related,393
Temperature related,396
Temperature related,404
Temperature related,429
Temperature related,448
Temperature related,626
Temperature related,629
Temperature related,630
Temperature related,634
Temperature related,635
Temperature related,636
Temperature related,637
Temperature related,647
Temperature related,667
Temperature related,668
Temperature related,972
Temperature related,978
Temperature related,980
Temperature related,981
Temperature related,983
Temperature related,984
Temperature related,989
Temperature related,993
Temperature related,995
Temperature related,996
Temperature related,1107
Temperature related,1113
Temperature related,1116
Temperature related,1117
Temperature related,1118
Temperature related,1121
Temperature related,1126
Temperature related,1130
Temperature related,1131
Temperature related,1139
Temperature related,1233
Temperature related,1246
Temperature related,1248
Temperature related,1682
Temperature related,1690
Temperature related,1812
Temperature related,1823
Temperature related,1824
Temperature related,1825
Temperature related,1832
Temperature related,1839
Temperature related,1955
Temperature related,1956
Temperature related,1957
Temperature related,1958
Temperature related,1959
Temperature related,1962
Temperature related,1967
Temperature related,2063
Temperature related,2064
Temperature related,2069
Temperature related,2078
Temperature related,2097
Temperature related,2159
Temperature related,2190
Temperature related,2281
Temperature related,2282
Temperature related,2283
Temperature related,2284
Temperature related,2292
Temperature related,2293
Temperature related,725
Temperature related,726
Temperature related,727
Temperature related,741
Temperature related,743
Temperature related,744
Temperature related,1457
Temperature related,1459
Temperature related,1460
Temperature related,1449
Temperature related,1450
Temperature related,1448
Temperature related,102
Temperature related,126
Temperature related,209
Temperature related,210
Temperature related,218
Temperature related,219
Temperature related,220
Temperature related,221
Temperature related,555
Temperature related,557
Temperature related,562
Temperature related,717
Temperature related,720
Temperature related,721
Temperature related,734
Temperature related,735
Temperature related,737
Temperature related,802
Temperature related,803
Temperature related,807
Temperature related,818
Temperature related,875
Temperature related,879
Temperature related,883
Temperature related,885
Temperature related,886
Temperature related,894
Temperature related,1372
Temperature related,1373
Temperature related,1374
Temperature related,1376
Temperature related,1377
Temperature related,1378
Temperature related,1384
Temperature related,1463
Temperature related,556
Temperature related,723
Temperature related,731
Temperature related,887
Temperature related,889
Temperature related,125
Temperature related,1252
Temperature related,811
Temperature related,812
Temperature related,1370
Temperature related,1371
Temperature related,128
Temperature related,1251
Temperature related,1253
Temperature related,1259
Temperature related,1260
Temperature related,1699
Temperature related,1969
Temperature related,2179
Temperature related,234
Temperature related,419
Temperature related,420
Temperature related,421
Temperature related,897
Temperature related,1141
Temperature related,101
Temperature related,117
Temperature related,2076
Temperature related,2077
Temperature related,115
Temperature related,1142
Temperature related,1543
Temperature related,2160
Temperature related,2164
Temperature related,1974
Temperature related,2152
Temperature related,2153
Temperature related,1557
Temperature related,1558
Temperature related,1559
Temperature related,1563
Temperature related,1968
Temperature related,1973
Temperature related,1954
Temperature related,987
Temperature related,1129
Temperature related,1689
Temperature and rainfall related,21
Temperature and rainfall related,1534
Temperature and rainfall related,1541
Temperature and rainfall related,1544
Temperature related,20
Weather and environment,1182
Weather and environment,1184
Weather and environment,1186
Weather and environment,1701
Weather and environment,121
Weather and environment,144
Weather and environment,1702
Weather and environment,72
Weather and environment,73
Weather and environment,74
Weather and environment,75
Weather and environment,76
Weather and environment,77
Weather and environment,525
Weather and environment,774
Weather and environment,265
Weather and environment,262
Weather and environment,266
Weather and environment,775
Weather and environment,831
Weather and environment,833
Weather and environment,837
Weather and environment,1409
Weather and environment,780
Weather and environment,832
Weather and environment,838
Weather and environment,839
Weather and environment,352
Weather and environment,598
Weather and environment,1301
Weather and environment,781
Weather and environment,1350
Weather and environment,1351
Weather and environment,119
Weather and environment,384
Weather and environment,413
Weather and environment,424
Weather and environment,462
Weather and environment,470
Weather and environment,977
Weather and environment,1302
Weather and environment,1305
Weather and environment,1684
Weather and environment,1723
Weather and environment,1728
Weather and environment,1753
Weather and environment,316
Weather and environment,318
Weather and environment,272
Weather and environment,315
Weather and environment,322
Weather and environment,330
Weather and environment,369
Weather and environment,618
Weather and environment,1502
Weather and environment,956
Weather and environment,359
Weather and environment,360
Weather and environment,328
Weather and environment,931
Weather and environment,932
Weather and environment,933
Weather and environment,960
Weather and environment,959
Weather and environment,934
Weather and environment,955
Weather and environment,786
Weather and environment,787
Weather and environment,323
Weather and environment,327
Weather and environment,1758
Weather and environment,326
Weather and environment,1953
Weather,414
Gender,414
Weather,168
Biophysical,168
Weather,171
Biophysical,171
Wind related,655
Wind related,1243
Wind related,1826
Wind related,1827
Wind related,2070
Wind related,2170
Wind related,215
Wind related,2074
Wind related,99
Wind related,2166
Wind related,2167
Wind related,1114