Resources,ID
"[""Odhong' et al., 2019""]",158
"[""Odhong' et al., 2019""]",159
"['Abiy et al., 2019']",1482
"['Abiy et al., 2019']",1455
"['Abiy et al., 2019']",1456
"['AbuZeid et al., 2021']",424
"['Acheampong et al., 2021']",2355
"['Acheampong et al., 2021']",2336
"['ADB, 2014']",1342
"['ADB, 2014']",1301
"['ADB, 2014']",1234
"['ADB, 2014']",1235
"['ADB, 2014']",1236
"['ADB, 2014']",1237
"['ADB, 2014']",1238
"['ADB, 2014']",1239
"['ADB, 2014']",1240
"['ADB, 2014']",1241
"['ADB, 2014']",1233
"['Addison et al., 2016']",2245
"['AFD AVILA et al., 2010']",459
"['AFD AVILA et al., 2010']",465
"['AGNES, 2020']",2321
"['Aimée-Noël, 2021']",1970
"['Akam & Gruere, 2018']",6
"['Akam & Gruere, 2018']",22
"['Akam & Gruere, 2018']",78
"['Akam & Gruere, 2018']",18
"['Akam & Gruere, 2018']",49
"['Akam & Gruere, 2018']",50
"['Akam & Gruere, 2018']",63
"['Akam & Gruere, 2018']",88
"['Akam & Gruere, 2018']",80
"['Akam & Gruere, 2018']",81
"['Akam & Gruere, 2018']",79
"['Akam & Gruere, 2018']",17
"['Akinola et al., 2018']",2216
"['Akinola et al., 2018']",2218
"['Akinyi et al., 2021']",1785
"['Akombi et al., 2017']",1754
"['Akter, 2021']",273
"['Akter, 2021']",274
"['Alam et al., 2021']",1520
"['Alam et al., 2021']",1523
"['Alemayehu and Bewket, 2016']",1888
"['Almeida, 2015']",699
"['Almudi & Sinclair, 2022']",564
"['Almudi & Sinclair, 2022']",580
"['Almudi & Sinclair, 2022']",582
"['Alphonce Shiundu, 2018']",2213
"['Alpízar et al., 2020']",462
"['Alpízar et al., 2020']",470
"['Amin et al., 2015']",1470
"['Amin et al., 2015']",1500
"['Amin et al., 2015']",1488
"['Amin et al., 2015']",1477
"['Amin et al., 2015']",1462
"['Amin et al., 2015']",1459
"['Amin et al., 2015']",1449
"['Amin et al., 2015']",1450
"['Amir Kassam et al., 2022']",1786
"['Amir Kassam et al., 2022']",1712
"['Amir Kassam et al., 2022']",1705
"['Amir Kassam et al., 2022']",1709
"['Amir Kassam et al., 2022']",1756
"['Amir Kassam et al., 2022']",1794
"['Amir Kassam et al., 2022']",1799
"['Amir Kassam et al., 2022']",1717
"['Amir Kassam et al., 2022']",1760
"['Amir Kassam et al., 2022']",1784
"['Amir Kassam et al., 2022']",1806
"['Amir Kassam et al., 2022']",1807
"['Amir Kassam et al., 2022']",1724
"['Amir Kassam et al., 2022']",1729
"['Amir Kassam et al., 2022']",1702
"['Anbumozhi et al., 2012']",184
"['Anbumozhi et al., 2012']",185
"['Anbumozhi et al., 2012']",116
"['Anbumozhi et al., 2012']",122
"['Architesh., 2019']",1315
"['Armenteras et al., 2021']",599
"['Arshad et al., 2016']",1446
"['Arshad et al., 2016']",1390
"['Arshad et al., 2016']",1393
"['Arshad et al., 2016']",1409
"['Arshad et al., 2016']",1375
"['Arshad et al., 2016']",1382
"['Arshad et al., 2016']",1372
"['Arshad et al., 2016']",1384
"['Arshad et al., 2016']",1370
"['Arshad et al., 2016']",1447
"['Arshad et al., 2016']",1403
"['Arshad et al., 2016']",1394
"['Arshad et al., 2016']",1426
"['Arshad et al., 2016']",1427
"['Arshad et al., 2016']",1428
"['Arshad et al., 2016']",1439
"['Arshad et al., 2016']",1385
"['Arshad et al., 2016']",1386
"['Arshad et al., 2016']",1419
"['Aryal et al., 2019']",1255
"['Aryal et al., 2020']",1529
"['Aryal et al., 2020']",1530
"['Aryal et al., 2020']",1495
"['Aryal et al., 2020']",1472
"['Aryal et al., 2020']",1473
"['Aryal et al., 2020']",1476
"['Aryal et al., 2020']",1518
"['Aryal et al., 2020']",1531
"['Aryal et al., 2020']",1526
"['Aryal et al., 2020']",1508
"['Aryal et al., 2020']",1497
"['Aryal et al., 2020']",1493
"['Aryal et al., 2020']",1509
"['Aryal et al., 2020']",1506
"['Aryal et al., 2020']",1475
"['Aryal et al., 2020']",1483
"['Aryal et al., 2020']",1485
"['Aryal et al., 2020']",1448
"['Aryal et al., 2020']",1502
"['Aryal et al., 2020']",1346
"['Aryal et al., 2020']",172
"['Aryal et al., 2020']",199
"['Aryal et al., 2021']",1448
"['Aryal et al., 2021']",1478
"['Aryal et al., 2021']",1479
"['Aryal et al., 2021']",1489
"['Aryal et al., 2021']",1453
"['Aryal et al., 2021']",1460
"['ASEAN, 2021']",262
"['ASEAN, 2021']",260
"['ASEAN, 2021']",217
"['ASEAN, 2021']",222
"['ASEAN, 2021']",235
"['ASEAN, 2021']",236
"['ASEAN, 2021']",216
"['ASEAN, 2021']",218
"['ASEAN, 2021']",219
"['Ashfaq et al., 2015']",904
"['Asmamaw et al., 2021']",1751
"['Aulakh & Sidhu, 2015']",1481
"['Ayantunde at al., 2011']",1650
"['Ayantunde at al., 2011']",1665
"['Ayantunde at al., 2011']",1665
"['Ayantunde at al., 2011']",1614
"['Ayantunde at al., 2011']",1615
"['Ayantunde at al., 2011']",1624
"['Ayantunde at al., 2011']",1558
"['Ayantunde at al., 2011']",1559
"['Baird et al.,. 2021']",60
"['Bandyopadhyay, 2007']",1287
"['Banerjee et al., 2021']",343
"['Banerjee et al., 2021']",332
"['Banerjee et al., 2021']",334
"['Banerjee et al., 2021']",333
"['Banerjee et al., 2021']",327
"['Banerjee et al., 2021']",431
"['Banerjee et al., 2021']",457
"['Banerjee et al., 2021']",463
"['Baptista et al., 2022']",1836
"['Barlow, 2015']",92
"['Baron and Govaerts, 2021']",796
"['Baron and Govaerts, 2021']",797
"['Baron and Govaerts, 2021']",777
"['Bell & Taylor, 2015']",229
"['Bell & Taylor, 2015']",269
"['Bell & Taylor, 2015']",213
"['Bell & Taylor, 2015']",214
"['Bell & Taylor, 2015']",209
"['Bell & Taylor, 2015']",210
"['Bell & Taylor, 2015']",215
"['Benites-Zapata et al., 2021']",350
"['Bera and Sarkar, 2021']",1468
"['Bera and Sarkar, 2021']",1469
"['Bera and Sarkar, 2021']",1484
"['Bera and Sarkar, 2021']",1486
"['Bera and Sarkar, 2021']",1488
"['Bera and Sarkar, 2021']",1518
"['Bera and Sarkar, 2021']",1464
"['Bera and Sarkar, 2021']",1467
"['Bera and Sarkar, 2021']",1461
"['Bera and Sarkar, 2021']",1459
"['Bera and Sarkar, 2021']",1460
"['Bera and Sarkar, 2021']",1450
"['Bera and Sarkar, 2021']",1502
"['Bera and Sarkar, 2021']",1504
"['Bera and Sarkar, 2021']",1503
"['Bera and Sarkar, 2021']",1516
"['Bera and Sarkar, 2021']",1517
"['Bera and Sarkar, 2021']",1463
"['Bergmann et al., 2021']",709
"['Bergmann et al., 2021']",705
"['Bergmann et al., 2021']",707
"['Bergmann et al., 2021']",637
"['Bergmann et al., 2021']",695
"['Bhatt et al., 2016']",1418
"['Bhatt et al., 2016']",1404
"['Bhatt et al., 2016']",1446
"['Bhatt et al., 2016']",1406
"['Bhatt et al., 2016']",1407
"['Bhatt et al., 2016']",1408
"['Bhatt et al., 2016']",1410
"['Bhatt et al., 2016']",1412
"['Bhatt et al., 2016']",1390
"['Bhatt et al., 2016']",1409
"['Bhatt et al., 2016']",1417
"['Bhatt et al., 2016']",1441
"['Bhatt et al., 2016']",1425
"['Bhatt et al., 2016']",1400
"['Bhatt et al., 2016']",1402
"['Bhatt et al., 2016']",1413
"['Bhatt et al., 2016']",1387
"['Bhatt et al., 2016']",1389
"['Bhatt et al., 2016']",1382
"['Bhatt et al., 2016']",1383
"['Bhatt et al., 2016']",1370
"['Bhatt et al., 2016']",1371
"['Bhatt et al., 2021']",1429
"['Bhatt et al., 2021']",1406
"['Bhatt et al., 2021']",1407
"['Bhatt et al., 2021']",1431
"['Bhatt et al., 2021']",1417
"['Bhatt et al., 2021']",1430
"['Bhatt et al., 2021']",1427
"['Bhatt et al., 2021']",1436
"['Bhatt et al., 2021']",1435
"['Bhatt et al., 2021']",1404
"['Bhatt et al., 2021']",1400
"['Bhatt et al., 2021']",1387
"['Bhatt et al., 2021']",1389
"['Bhatt et al., 2021']",1401
"['Bhattacharya, 2021']",1262
"['Biazin et al., 2012']",1791
"['Bjornlund et al., 2020']",2260
"['Bjornlund et al., 2020']",2261
"['Bjornlund et al., 2020']",1726
"['Bjornlund et al., 2022']",1727
"['Bjornlund et al., 2022']",1804
"['Bohn et al., 2018']",780
"['Bohn et al., 2018']",761
"['Bohn et al., 2018']",762
"['Bohn et al., 2018']",763
"['Bohn et al., 2018']",779
"['Bohn et al., 2018']",729
"['Bohn et al., 2018']",736
"['Bongase, 2017']",2036
"['Bongase, 2017']",2023
"['Bongase, 2017']",1993
"['Bongiwe, 2015']",2112
"['Bordi et al., 2021']",355
"['Bordi et al., 2021']",371
"['Borghesi and Ticci, 2019']",1111
"['Borghesi and Ticci, 2019']",1136
"['Botchway et al., 2018']",2285
"['Bouza et al., 2015']",759
"['Brown et al., 2022']",1790
"['Burney et al., 2013']",1752
"['Burney et al., 2013']",1757
"['Butler et al., 2020']",208
"['Cai et al., 2020']",655
"['Cai et al., 2020']",627
"['Carandang, 2010']",311
"['Carandang, 2010']",312
"['Carandang, 2010']",280
"['Carandang, 2010']",281
"['Carandang, 2010']",284
"['Carandang, 2010']",306
"['Carandang, 2010']",279
"['Carandang, 2010']",259
"['Carandang, 2010']",261
"['Carandang, 2010']",260
"['Carandang, 2010']",269
"['Carandang, 2010']",296
"['Carandang, 2010']",303
"['Carandang, 2010']",299
"['Carandang, 2010']",235
"['Carandang, 2010']",253
"['Carandang, 2010']",209
"['Carandang, 2010']",210
"['Carandang, 2010']",302
"['Carandang, 2010']",277
"['Carranza et al., 2019']",1738
"['Carranza et al., 2019']",1739
"['Carranza et al., 2019']",1741
"['Carranza et al., 2019']",1742
"['Carranza et al., 2019']",1778
"['CASA, 2015']",1252
"['CCAFS, 2016']",2
"['CCAFS, 2016']",18
"['CCAFS, 2016']",19
"['CCAFS, 2016']",79
"['CCAFS, 2016']",53
"['CCAFS, 2016']",55
"['CCAFS, 2016']",7
"['CCAFS, 2016']",8
"['CCAFS, 2016']",17
"['CCAFS, 2016']",45
"['CCAFS, 2016']",47
"['CCAFS, 2016']",4
"['CCAFS, 2016']",5
"['CCAFS, 2016']",6
"['CCAFS, 2016']",49
"['CCAFS, 2016']",50
"['CCAFS, 2016']",80
"['CCAFS, 2016']",81
"['CCAFS, 2016']",21
"['Cedric et al., 2022']",2019
"['Cedric et al., 2022']",2109
"['Cedric et al., 2022']",2110
"['Cerrato et al., 2022']",769
"['Cerrato et al., 2022']",782
"['Cerrato et al., 2022']",767
"['CGIAR, 2020']",42
"['Chandel et al., 2022']",1439
"['Chandel et al., 2022']",1416
"['Chandel et al., 2022']",1414
"['Chapman & Darby, 2016']",55
"['Chapman & Darby, 2016']",4
"['Chapman et al., 2020']",1747
"['Chapman et al., 2020']",1723
"['Chapman et al., 2020']",1728
"['Chapman et al., 2020']",1753
"['Chapman et al., 2020']",1758
"['Chemura et al., 2020']",2339
"['Chemura et al., 2020']",2352
"['Chemura et al., 2020']",2338
"['Chemura et al., 2020']",2347
"['Cheruiyot et al., 2007']",1950
"['Cheruiyot et al., 2007']",1951
"['Cheserek et al., 2015']",1954
"['Cheserek et al., 2015']",1949
"['Cheserek et al., 2015']",1950
"['Cheserek et al., 2015']",1951
"['Cheserek et al., 2015']",1975
"['Cheserek et al., 2015']",1956
"['Cheserek et al., 2015']",1957
"['Cheserek et al., 2015']",1958
"['Cheserek et al., 2015']",1973
"['Cheserek et al., 2015']",1953
"['Chinseu et al., 2022']",1767
"['Chávez and Takahashi, 2017']",635
"['Chávez and Takahashi, 2017']",636
"['CIAT and USAID, 2016']",2155
"['CIAT and USAID, 2016']",2156
"['CIAT and USAID, 2016']",2248
"['CIAT and USAID, 2016']",2255
"['CIAT and USAID, 2016']",2240
"['CIAT and USAID, 2016']",1540
"['CIAT and USAID, 2016']",1563
"['CIAT and USAID, 2016']",2179
"['CIAT and World Bank, 2017']",2058
"['CIAT and World Bank, 2017']",2059
"['CIAT and World Bank, 2017']",2060
"['CIAT and World Bank, 2017']",2061
"['CIAT and World Bank, 2017']",2080
"['CIAT and World Bank, 2017']",2096
"['CIAT and World Bank, 2017']",2079
"['CIAT and World Bank, 2017']",2062
"['CIAT and World Bank, 2017']",2128
"['CIAT and World Bank, 2017']",2135
"['CIAT and World Bank, 2017']",2139
"['CIAT and World Bank, 2017']",2118
"['CIAT and World Bank, 2017']",2119
"['CIAT and World Bank, 2017']",2121
"['CIAT and World Bank, 2017']",2071
"['CIAT and World Bank, 2017']",2072
"['CIAT and World Bank, 2017']",2073
"['CIAT and World Bank, 2017']",2065
"['CIAT and World Bank, 2017']",2067
"['CIAT and World Bank, 2017']",2068
"['CIAT and World Bank, 2017']",2146
"['CIAT and World Bank, 2017']",2147
"['CIAT and World Bank, 2017']",2148
"['CIAT and World Bank, 2017']",2145
"['CIAT and World Bank, 2017']",2132
"['CIAT and World Bank, 2017']",2120
"['CIAT and World Bank, 2017']",2140
"['CIAT and World Bank, 2017']",2143
"['CIAT and World Bank, 2017']",2144
"['CIAT and World Bank, 2017']",2063
"['CIAT and World Bank, 2017']",2064
"['CIAT and World Bank, 2017']",2069
"['CIAT and World Bank, 2017']",506
"['CIAT and World Bank, 2017']",533
"['CIAT and World Bank, 2017']",2130
"['CIAT and World Bank, 2017']",2131
"['CIAT and World Bank, 2017']",2133
"['CIAT and World Bank, 2017']",2134
"['CIMMYT, 2022']",1358
"['CLI, 2014']",181
"['Codjoe et al., 2020']",1837
"['Codjoe et al., 2020']",1838
"['Coulibaly et al., 2022']",1779
"['Coulibaly et al., 2022']",1782
"['Cramb et al., 2015']",62
"['Cramb et al., 2015']",16
"['Crippa et al., 2022']",2217
"['Daloz et al., 2021']",1386
"['Dave et al., 2017']",2004
"['de Andrade et al., 2017']",564
"['de Andrade et al., 2017']",577
"['de Andrade et al., 2017']",580
"['de Andrade et al., 2017']",582
"['de Andrade et al., 2017']",615
"['Debela et al., 2015']",1644
"['Deep et al., 2018']",1488
"['Deep et al., 2018']",1491
"['Deep et al., 2018']",1500
"['Deep et al., 2018']",1459
"['Deep et al., 2018']",1450
"['Deep et al., 2018']",1521
"['Deep et al., 2018']",1524
"['Deep et al., 2018']",1492
"['Deep et al., 2018']",1525
"['Deepak and Prasanta, 2017']",1718
"['Deepak and Prasanta, 2017']",1312
"['Devendra, 2012']",148
"['Devendra, 2012']",144
"['Devendra, 2012']",168
"['Devendra, 2012']",171
"['Devkota and Yigezu, 2020']",947
"['Devkota et al., 2022']",922
"['Devkota et al., 2022']",951
"['Devkota et al., 2022']",954
"['Devkota et al., 2022']",952
"['Devkota et al., 2022']",953
"['Devkota et al., 2022']",966
"['Devkota et al., 2022']",949
"['Devkota et al., 2022']",942
"['Dhanda et al., 2022']",1447
"['Dhanda et al., 2022']",1403
"['Dhanda et al., 2022']",1421
"['Dhanda et al., 2022']",1429
"['Dhanda et al., 2022']",1431
"['Dhanda et al., 2022']",1417
"['Dhanda et al., 2022']",1430
"['Dhanda et al., 2022']",1436
"['Dhanda et al., 2022']",1444
"['Dhanda et al., 2022']",1425
"['Dhanda et al., 2022']",1443
"['Dhanda et al., 2022']",1445
"['Dhanda et al., 2022']",1432
"['Dhanda et al., 2022']",1433
"['Dhanda et al., 2022']",1438
"['Dhanda et al., 2022']",1442
"['DI Rodríguez et al., 2016']",458
"['DI Rodríguez et al., 2016']",460
"['DI Rodríguez et al., 2016']",464
"['DI Rodríguez et al., 2016']",466
"['Diana et al., 2022']",311
"['Diana et al., 2022']",312
"['Diana et al., 2022']",279
"['Diana et al., 2022']",259
"['Diana et al., 2022']",261
"['Diana et al., 2022']",260
"['Diana et al., 2022']",218
"['Diana et al., 2022']",219
"['Diana et al., 2022']",271
"['Diana et al., 2022']",297
"['Diana et al., 2022']",270
"['Diana et al., 2022']",296
"['Diogo et al., 2022']",1989
"['Diogo et al., 2022']",1990
"['Diogo et al., 2022']",1743
"['Dixon et al., 2001']",272
"['Dixon et al., 2001']",311
"['Dixon et al., 2001']",312
"['Dixon et al., 2001']",283
"['Dixon et al., 2001']",293
"['Dixon et al., 2001']",780
"['Dixon et al., 2001']",281
"['Dixon et al., 2001']",306
"['Dixon et al., 2001']",279
"['Dixon et al., 2001']",259
"['Dixon et al., 2001']",261
"['Dixon et al., 2001']",290
"['Dixon et al., 2001']",237
"['Dixon et al., 2001']",308
"['Dixon et al., 2001']",288
"['Dixon et al., 2001']",264
"['Dixon et al., 2001']",949
"['Dixon et al., 2001']",285
"['Dixon et al., 2001']",256
"['Dixon et al., 2001']",952
"['Dixon et al., 2001']",953
"['Dixon et al., 2001']",300
"['Dixon et al., 2001']",304
"['Dixon et al., 2001']",302
"['Dixon et al., 2001']",286
"['Dixon et al., 2001']",222
"['Dixon et al., 2001']",232
"['Dixon et al., 2001']",277
"['Dixon et al., 2001']",964
"['Dixon et al., 2001']",960
"['Dixon et al., 2001']",959
"['Dixon et al., 2001']",62
"['Dixon et al., 2001']",968
"['Dixon et al., 2001']",291
"['Dixon et al., 2001']",292
"['Dixon et al., 2001']",1474
"['Dixon et al., 2001']",53
"['Dixon et al., 2001']",1523
"['Dixon et al., 2001']",37
"['Dixon et al., 2001']",961
"['Dixon et al., 2001']",962
"['Dixon et al., 2001']",309
"['Dixon et al., 2001']",963
"['Dixon et al., 2001']",55
"['Dixon et al., 2001']",38
"['Dixon et al., 2001']",927
"['Dixon et al., 2001']",939
"['Dixon et al., 2001']",1514
"['Dixon et al., 2001']",299
"['Dixon et al., 2001']",943
"['Dixon et al., 2001']",247
"['Dixon et al., 2001']",1500
"['Dixon et al., 2001']",958
"['Dixon et al., 2001']",1510
"['Dixon et al., 2001']",51
"['Dixon et al., 2001']",52
"['Dixon et al., 2001']",63
"['Dixon et al., 2001']",956
"['Dixon et al., 2001']",955
"['Dixon et al., 2001']",1368
"['Dixon et al., 2001']",1347
"['Dixon et al., 2001']",1341
"['Dixon et al., 2001']",1324
"['Dixon et al., 2001']",1204
"['Dixon et al., 2001']",1328
"['Dixon et al., 2001']",1333
"['Dixon et al., 2001']",1316
"['Dixon et al., 2001']",1300
"['Dixon et al., 2001']",1031
"['Dixon et al., 2001']",1032
"['Dixon et al., 2001']",1307
"['Dixon et al., 2001']",1308
"['Dixon et al., 2001']",1306
"['Dixon et al., 2001']",1309
"['Dixon et al., 2001']",1331
"['Dixon et al., 2001']",1201
"['Dixon et al., 2001']",1348
"['Dixon et al., 2001']",1366
"['Dixon et al., 2001']",1367
"['Dixon et al., 2001']",1369
"['Dixon et al., 2001']",1229
"['Dixon et al., 2001']",1232
"['Dixon et al., 2001']",1318
"['Dixon et al., 2001']",1327
"['Dixon et al., 2001']",206
"['Dixon et al., 2001']",207
"['Dixon et al., 2020']",2335
"['Dixon et al., 2020']",1813
"['Dixon et al., 2020']",1812
"['Dixon et al., 2020']",2289
"['Dixon et al., 2020']",2345
"['Dixon et al., 2020']",2363
"['Dixon et al., 2020']",2346
"['Dixon et al., 2020']",2339
"['Dixon et al., 2020']",2362
"['Dixon et al., 2020']",2285
"['Dixon et al., 2020']",1889
"['Dixon et al., 2020']",1914
"['Dixon et al., 2020']",2146
"['Dixon et al., 2020']",2147
"['Dixon et al., 2020']",2148
"['Dixon et al., 2020']",1896
"['Dixon et al., 2020']",2145
"['Dixon et al., 2020']",1929
"['Dixon et al., 2020']",2357
"['Dixon et al., 2020']",2250
"['Dixon et al., 2020']",2157
"['Dixon et al., 2020']",2171
"['Dixon et al., 2020']",2278
"['Dixon et al., 2020']",2290
"['Dixon et al., 2020']",2312
"['Dixon et al., 2020']",2329
"['Dixon et al., 2020']",2181
"['Dixon et al., 2020']",2182
"['Dixon et al., 2020']",2344
"['Dixon et al., 2020']",2356
"['Dixon et al., 2020']",2365
"['Dixon et al., 2020']",2358
"['Dixon et al., 2020']",2364
"['Dixon et al., 2020']",2223
"['Dixon et al., 2020']",2244
"['Dixon et al., 2020']",2360
"['Dixon et al., 2020']",2327
"['Dixon et al., 2020']",2228
"['Dixon et al., 2020']",2238
"['Dixon et al., 2020']",2208
"['Dixon et al., 2020']",2252
"['Dixon et al., 2020']",2256
"['Dixon et al., 2020']",2257
"['Dixon et al., 2020']",2269
"['Dixon et al., 2020']",2331
"['Dixon et al., 2020']",2222
"['Dixon et al., 2020']",2013
"['Dixon et al., 2020']",2334
"['Dixon et al., 2020']",2215
"['Dixon et al., 2020']",2231
"['Dixon et al., 2020']",2234
"['Dixon et al., 2020']",2243
"['Dixon et al., 2020']",2271
"['Dixon et al., 2020']",2309
"['Dixon et al., 2020']",2177
"['Dixon et al., 2020']",1994
"['Dixon et al., 2020']",2173
"['Dixon et al., 2020']",2185
"['Dixon et al., 2020']",2022
"['Dixon et al., 2020']",2054
"['Dixon et al., 2020']",2055
"['Dixon et al., 2020']",2159
"['Dixon et al., 2020']",2190
"['Dixon et al., 2020']",2284
"['Dixon et al., 2020']",2160
"['Dixon et al., 2020']",2279
"['Dixon et al., 2020']",2357
"['Dixon et al., 2020']",1657
"['Dixon et al., 2020']",1659
"['Dixon et al., 2020']",1663
"['Dixon et al., 2020']",1915
"['Dixon et al., 2020']",1549
"['Dixon et al., 2020']",1550
"['Dixon et al., 2020']",1551
"['Dixon et al., 2020']",1571
"['Dixon et al., 2020']",1613
"['Dixon et al., 2020']",1658
"['Dixon et al., 2020']",1898
"['Dixon et al., 2020']",1841
"['Dixon et al., 2020']",1842
"['Dixon et al., 2020']",1538
"['Dixon et al., 2020']",1890
"['Dixon et al., 2020']",1893
"['Dixon et al., 2020']",2194
"['Dixon et al., 2020']",1208
"['Dixon et al., 2020']",1635
"['Dixon et al., 2020']",1644
"['Dixon et al., 2020']",1666
"['Dixon et al., 2020']",1664
"['Dixon et al., 2020']",1899
"['Dixon et al., 2020']",1894
"['Dixon et al., 2020']",1900
"['Dixon et al., 2020']",1901
"['Dixon et al., 2020']",1866
"['Dixon et al., 2020']",1834
"['Dixon et al., 2020']",1811
"['Dixon et al., 2020']",1833
"['Dixon et al., 2020']",1835
"['Dixon et al., 2020']",1883
"['Dixon et al., 2020']",1884
"['Dixon et al., 2020']",1887
"['Dixon et al., 2020']",1888
"['Dixon et al., 2020']",1592
"['Dixon et al., 2020']",1607
"['Dixon et al., 2020']",1611
"['Dixon et al., 2020']",1612
"['Dixon et al., 2020']",1649
"['Dixon et al., 2020']",1650
"['Dixon et al., 2020']",1651
"['Dixon et al., 2020']",1652
"['Dixon et al., 2020']",1653
"['Dixon et al., 2020']",1654
"['Dixon et al., 2020']",1655
"['Dixon et al., 2020']",1656
"['Dixon et al., 2020']",1918
"['Dixon et al., 2020']",1938
"['Dixon et al., 2020']",1056
"['Dixon et al., 2020']",1042
"['Dixon et al., 2020']",1044
"['Dixon et al., 2020']",1050
"['Dixon et al., 2020']",1053
"['Dixon et al., 2020']",1060
"['Dixon et al., 2020']",1064
"['Dixon et al., 2020']",1091
"['Dixon et al., 2020']",1095
"['Dixon et al., 2020']",1059
"['Dixon et al., 2020']",1085
"['Dixon et al., 2020']",1068
"['Dixon et al., 2020']",1593
"['Dixon et al., 2020']",1643
"['Dixon et al., 2020']",1665
"['Dixon et al., 2020']",2258
"['Dixon et al., 2020']",2259
"['Dixon et al., 2020']",1631
"['Dixon et al., 2020']",1633
"['Dixon et al., 2020']",1628
"['Dixon et al., 2020']",1033
"['Dixon et al., 2020']",1880
"['Dixon et al., 2020']",1881
"['Dixon et al., 2020']",1873
"['Dixon et al., 2020']",1935
"['Dixon et al., 2020']",2263
"['Dixon et al., 2020']",2264
"['Dixon et al., 2020']",1856
"['Dixon et al., 2020']",1895
"['Dixon et al., 2020']",1920
"['Dixon et al., 2020']",1921
"['Dixon et al., 2020']",1911
"['Dixon et al., 2020']",1913
"['Dixon et al., 2020']",1594
"['Dixon et al., 2020']",1614
"['Dixon et al., 2020']",1615
"['Dixon et al., 2020']",1624
"['Dixon et al., 2020']",1673
"['Dixon et al., 2020']",1097
"['Dixon et al., 2020']",1096
"['Dixon et al., 2020']",1840
"['Dixon et al., 2020']",1872
"['Dixon et al., 2020']",970
"['Dixon et al., 2020']",971
"['Dixon et al., 2020']",1532
"['Dixon et al., 2020']",1533
"['Dixon et al., 2020']",1808
"['Dixon et al., 2020']",1809
"['Dixon et al., 2020']",1810
"['Dixon et al., 2020']",1843
"['Dixon et al., 2020']",1845
"['Dixon et al., 2020']",1560
"['Dixon et al., 2020']",1561
"['Dixon et al., 2020']",1675
"['Dixon et al., 2020']",1676
"['Dixon et al., 2020']",1677
"['Dixon et al., 2020']",1595
"['Dixon et al., 2020']",1939
"['Dixon et al., 2020']",1940
"['Dixon et al., 2020']",1941
"['Dixon et al., 2020']",1596
"['Dixon et al., 2020']",1902
"['Dixon et al., 2020']",1931
"['Dixon et al., 2020']",1937
"['Dixon et al., 2020']",1846
"['Dixon et al., 2020']",1844
"['Dixon et al., 2020']",972
"['Dixon et al., 2020']",1832
"['Dixon et al., 2020']",1839
"['Dixon et al., 2020']",1557
"['Dixon et al., 2020']",1558
"['Dixon et al., 2020']",1563
"['Dixon et al., 2020']",977
"['Donat et al., 2014']",1115
"['Donat et al., 2014']",1134
"['Donatti et al., 2018']",831
"['Donatti et al., 2018']",849
"['Donatti et al., 2018']",858
"['Donatti et al., 2018']",855
"['Donatti et al., 2018']",865
"['Donatti et al., 2018']",798
"['Donatti et al., 2018']",810
"['Donatti et al., 2018']",840
"['Donatti et al., 2018']",856
"['Donoso, 2021']",762
"['Donoso, 2021']",763
"['Donoso, 2021']",779
"['Donoso, 2021']",780
"['Donoso, 2021']",736
"['Donoso, 2021']",771
"['Donoso, 2021']",786
"['Douglas, 2006']",163
"['Douglas, 2006']",165
"['Douglas, 2006']",1303
"['DST, 2020']",1361
"['DST, 2020']",1298
"['DST, 2020']",1310
"['DST, 2020']",1295
"['DST, 2020']",1286
"['DST, 2020']",1285
"['DST, 2020']",1352
"['DST, 2020']",1322
"['DST, 2020']",1349
"['DST, 2020']",1365
"['DST, 2020']",1321
"['DST, 2020']",1330
"['Durrell, 2018']",968
"['Durrell, 2018']",877
"['Durrell, 2018']",881
"['Durrell, 2018']",882
"['Durrell, 2018']",893
"['Durrell, 2018']",875
"['Durrell, 2018']",885
"['Durrell, 2018']",886
"['Durrell, 2018']",887
"['Durrell, 2018']",889
"['Durrell, 2018']",898
"['Durrell, 2018']",892
"['Durrell, 2018']",888
"['Durrell, 2018']",890
"['Durrell, 2018']",896
"['Durrell, 2018']",894
"['Durrell, 2018']",897
"['Dévora-Isiordia et al., 2018']",752
"['Eash et al., 2019']",850
"['Eash et al., 2019']",851
"['Eash et al., 2019']",798
"['Eash et al., 2019']",810
"['Eash et al., 2019']",811
"['Eash et al., 2019']",812
"['Eash et al., 2019']",869
"['Eash et al., 2019']",854
"['Eash et al., 2019']",870
"['Echeverria & Terton, 2016']",1889
"['Echeverria & Terton, 2016']",1813
"['Echeverria & Terton, 2016']",1812
"['ECLAC, 2021']",471
"['Ehui and Pender, 2005']",2007
"['Eitzinger et al., 2012']",849
"['Eitzinger et al., 2012']",850
"['Eitzinger et al., 2012']",851
"['Eitzinger et al., 2012']",852
"['Eitzinger et al., 2012']",853
"['Eitzinger et al., 2012']",854
"['Eitzinger et al., 2012']",862
"['Eitzinger et al., 2012']",848
"['Eitzinger et al., 2012']",859
"['Eitzinger et al., 2012']",867
"['Eitzinger et al., 2012']",871
"['Eitzinger et al., 2012']",866
"['Eitzinger et al., 2012']",847
"['Eitzinger et al., 2012']",798
"['Eitzinger et al., 2012']",819
"['Eitzinger et al., 2012']",820
"['Eitzinger et al., 2012']",823
"['Eitzinger et al., 2012']",824
"['Eitzinger et al., 2012']",825
"['Eitzinger et al., 2012']",840
"['Eitzinger et al., 2012']",802
"['Eitzinger et al., 2012']",872
"['Eitzinger et al., 2012']",831
"['Eitzinger et al., 2012']",864
"['Eitzinger et al., 2012']",858
"['Eitzinger et al., 2012']",857
"['Eitzinger et al., 2012']",865
"['Eitzinger et al., 2012']",830
"['Eitzinger et al., 2012']",845
"['Eitzinger et al., 2012']",843
"['Eitzinger et al., 2012']",868
"['Emediegwu et al., 2022']",2324
"['Emmer, 2017']",625
"['ESCAP, 2020']",201
"['Etesami and Noori, 2019']",751
"['EU, 2006']",25
"['EU, 2006']",30
"['Eyasmin et al., 2021']",1505
"['Eyasmin et al., 2021']",1520
"['Fader et al., 2013']",1150
"['Fader et al., 2013']",1144
"['Falconi et al ., 2012']",453
"['Fang et al., 2020']",1797
"['Fang et al., 2020']",1801
"['Fang et al., 2020']",1734
"['Fang et al., 2020']",1737
"['Fang et al., 2020']",1733
"['Fang et al., 2020']",1736
"['FAO & UNICEF EAPRO, 2021']",147
"['FAO & UNICEF EAPRO, 2021']",139
"['FAO & UNICEF EAPRO, 2021']",141
"['FAO, 2013']",483
"['FAO, 2015']",2052
"['FAO, 2015']",2057
"['FAO, 2015']",754
"['FAO, 2015']",756
"['FAO, 2015']",750
"['FAO, 2015']",753
"['FAO, 2015']",755
"['FAO, 2015']",1399
"['FAO, 2015']",757
"['FAO, 2015']",1397
"['FAO, 2015']",906
"['FAO, 2015']",908
"['FAO, 2015']",1603
"['FAO, 2015']",468
"['FAO, 2015']",469
"['FAO, 2015']",1731
"['FAO, 2015']",1054
"['FAO, 2015']",102
"['FAO, 2015']",101
"['FAO, 2015']",1993
"['FAO, 2015']",1985
"['FAO, 2015']",2009
"['FAO, 2015']",2010
"['FAO, 2015']",1313
"['FAO, 2015']",1256
"['FAO, 2015']",1981
"['FAO, 2015']",1986
"['FAO, 2015']",1251
"['FAO, 2016']",2138
"['FAO, 2017']",249
"['FAO, 2017']",250
"['FAO, 2017']",901
"['FAO, 2017']",265
"['FAO, 2017']",131
"['FAO, 2017']",1388
"['FAO, 2017']",176
"['FAO, 2017']",179
"['FAO, 2017']",121
"['FAO, 2018']",309
"['FAO, 2018']",254
"['FAO, 2018']",303
"['FAO, 2018']",209
"['FAO, 2018']",223
"['FAO, 2018']",221
"['FAO, 2018']",1378
"['FAO, 2018']",1169
"['FAO, 2018']",2136
"['FAO, 2018']",1100
"['FAO, 2018']",511
"['FAO, 2019']",405
"['FAO, 2019']",409
"['FAO, 2019']",1852
"['FAO, 2020']",568
"['FAO, 2021']",166
"['FAO, 2021']",169
"['FAO, 2021']",146
"['FAO, 2021']",174
"['FAO, 2021']",175
"['FAO, 2021']",183
"['FAO, 2021']",487
"['FAO, 2021']",1854
"['FAO, 2021']",1746
"['FAO, 2021']",1788
"['FAO, 2021']",145
"['FAO, 2022']",1487
"['FAO, 2022']",1745
"['FAO, 2022']",1770
"['FAO, 2022']",1744
"['FAO, 2022']",1721
"['FAO, 2022']",1748
"['FAO, 2022']",1710
"['FAO, 2022']",1765
"['FAO, 2022']",1698
"['FAO, 2022']",1682
"['FAO, 2022']",140
"['FAO, 2022']",1028
"['FAO, 2022']",2047
"['Fay et al., 2017']",430
"['Feld and Galiani, 2015']",370
"['Feld and Galiani, 2015']",372
"['Feld and Galiani, 2015']",376
"['Feld and Galiani, 2015']",379
"['Feld and Galiani, 2015']",380
"['Feld and Galiani, 2015']",728
"['Feld and Galiani, 2015']",776
"['Ferraro et al., 2015']",2371
"['Flachsbarth et al., 2015']",351
"['Fleshman, 2008']",1923
"['Flintan et al., 2022']",2253
"['Flintan et al., 2022']",2254
"['Garcia et al., 2022']",760
"['Garcia et al., 2022']",765
"['García-Ruiz et al., 2011']",1108
"['Garrett et al., 2017']",590
"['Garrett et al., 2017']",617
"['Garrity et al., 2012']",2023
"['Garrity et al., 2012']",2024
"['Garrity et al., 2012']",2025
"['GEPA, 2017']",2359
"['Gianella et al., 2019']",744
"['Gianella et al., 2019']",742
"['Gianella et al., 2019']",731
"['Giller et al., 2021']",1980
"['Ginting, 2022']",71
"['Giráldez et al., 2020']",628
"['Giráldez et al., 2020']",632
"['Giráldez et al., 2020']",633
"['Githu et al., 2022']",2161
"['Godde et al., 2021']",129
"['Godde et al., 2021']",135
"['Godde et al., 2021']",126
"['Godoy, 2015']",749
"['Godoy, 2015']",748
"['Godoy, 2015']",916
"['Godoy, 2015']",917
"['Godoy, 2015']",919
"['Godoy, 2015']",920
"['Godoy, 2015']",732
"['Godoy, 2015']",733
"['Godoy, 2015']",734
"['Godoy, 2015']",735
"['Goedde et al., 2019']",1930
"['GOM, 2014a']",539
"['Gornall et al., 2010']",746
"['Gourdji et al., 2015']",849
"['Gourdji et al., 2015']",858
"['Gourdji et al., 2015']",852
"['Gourdji et al., 2015']",853
"['Gourdji et al., 2015']",862
"['Gourdji et al., 2015']",863
"['Gourdji et al., 2015']",798
"['Gourdji et al., 2015']",799
"['Gourdji et al., 2015']",802
"['Gourdji et al., 2015']",807
"['Gourdji et al., 2015']",829
"['Gourdji et al., 2015']",834
"['Gourdji et al., 2015']",835
"['Gourdji et al., 2015']",836
"['Gourdji et al., 2015']",841
"['Gourdji et al., 2015']",855
"['Gourdji et al., 2015']",842
"['Gourdji et al., 2015']",817
"['Gourdji et al., 2015']",816
"['Gourdji et al., 2015']",818
"['Govind, 2022']",936
"['Govind, 2022']",940
"['Govind, 2022']",874
"['Govind, 2022']",883
"['Govind, 2022']",967
"['Govind, 2022']",969
"['Govind, 2022']",965
"['Govind, 2022']",952
"['Govind, 2022']",953
"['Govind, 2022']",964
"['Govind, 2022']",907
"['Gowing and Palmer, 2007']",1789
"['Grote et al., 2021']",115
"['Gruter et al., 2022']",553
"['Gruter et al., 2022']",555
"['Guido et al., 2020']",2015
"['Gwilliam et al., 2009']",2375
"['Hagen et al., 2022']",778
"['Hagen et al., 2022']",714
"['Hagen et al., 2022']",724
"['Hagen et al., 2022']",738
"['Hagen et al., 2022']",739
"['Hagen et al., 2022']",737
"['Hagen et al., 2022']",728
"['Hagen et al., 2022']",726
"['Hallegatte et al., 2016']",237
"['Hallegatte et al., 2016']",238
"['Harvey et al., 2018']",846
"['Harvey et al., 2018']",832
"['Harvey et al., 2018']",849
"['Harvey et al., 2018']",854
"['Harvey et al., 2018']",848
"['Harvey et al., 2018']",867
"['Harvey et al., 2018']",866
"['Harvey et al., 2018']",830
"['Harvey et al., 2018']",847
"['Harvey et al., 2018']",798
"['Harvey et al., 2018']",799
"['Harvey et al., 2018']",819
"['Harvey et al., 2018']",820
"['Harvey et al., 2018']",837
"['Harvey et al., 2018']",838
"['Harvey et al., 2018']",839
"['Harvey et al., 2018']",853
"['Harvey et al., 2018']",862
"['Harvey et al., 2018']",844
"['Harvey et al., 2018']",871
"['Harvey et al., 2018']",860
"['Harvey et al., 2018']",861
"['Harvey et al., 2018']",827
"['Harvey et al., 2018']",828
"['Harvey et al., 2018']",801
"['Harvey et al., 2018']",805
"['Harvey et al., 2018']",808
"['Harvey et al., 2018']",813
"['Harvey et al., 2018']",814
"['Harvey et al., 2018']",804
"['Harvey et al., 2018']",809
"['Harvey et al., 2018']",810
"['Harvey et al., 2018']",823
"['Harvey et al., 2018']",824
"['Harvey et al., 2018']",825
"['Harvey et al., 2018']",840
"['Harvey et al., 2018']",802
"['Harvey et al., 2018']",803
"['Harvey et al., 2018']",807
"['Harvey et al., 2018']",811
"['Harvey et al., 2018']",812
"['Hasnat et al., 2018']",1253
"['Hassan & Aenis, 2016']",937
"['Hassan & Aenis, 2016']",938
"['He et al., 2021']",1707
"['He et al., 2021']",1714
"['He et al., 2021']",1687
"['Hellin et al., 2020', 'Hellin et al., 2020']",293
"['Hellin et al., 2020', 'Hellin et al., 2020']",295
"['Hellin et al., 2020', 'Hellin et al., 2020']",235
"['Hellin et al., 2020', 'Hellin et al., 2020']",1470
"['Hellin et al., 2020', 'Hellin et al., 2020']",294
"['Hellin et al., 2020', 'Hellin et al., 2020']",1490
"['Hellin et al., 2020', 'Hellin et al., 2020']",1451
"['Hellin et al., 2020', 'Hellin et al., 2020']",1457
"['Hen-I Lin et al., 2022']",93
"['Hen-I Lin et al., 2022']",103
"['Hen-I Lin et al., 2022']",204
"['Hen-I Lin et al., 2022']",27
"['Hepp et al., 2019']",271
"['Hepp et al., 2019']",309
"['Hepp et al., 2019']",267
"['Hepp et al., 2019']",268
"['Hepp et al., 2019']",303
"['Hepp et al., 2019']",254
"['Hepp et al., 2019']",304
"['Herrero et al., 2016']",2157
"['Herrero et al., 2016']",2251
"['Herrero et al., 2016']",2241
"['Herrero et al., 2016']",2207
"['Herrero et al., 2016']",2208
"['Herrero et al., 2016']",2214
"['Herrero et al., 2016']",2252
"['Herrero et al., 2016']",2257
"['Herrero et al., 2016']",2269
"['Herrero et al., 2016']",2222
"['Herrero et al., 2016']",2172
"['Herrero et al., 2016']",1545
"['Herrero et al., 2016']",1547
"['Herrero et al., 2016']",1549
"['Herrero et al., 2016']",1550
"['Herrero et al., 2016']",1552
"['Herrero et al., 2016']",1555
"['Herrero et al., 2016']",1564
"['Herrero et al., 2016']",1566
"['Herrero et al., 2016']",1567
"['Herrero et al., 2016']",1570
"['Herrero et al., 2016']",1571
"['Herrero et al., 2016']",1658
"['Herrero et al., 2016']",1538
"['Herrero et al., 2016']",2198
"['Herrero et al., 2016']",1664
"['Herrero et al., 2016']",1643
"['Herrero et al., 2016']",1665
"['Herrero et al., 2016']",1667
"['Herrero et al., 2016']",1556
"['Herrero et al., 2016']",1534
"['Herrero et al., 2016']",1541
"['Herrero et al., 2016']",1544
"['Herrero et al., 2016']",1563
"['Horie, 2019']",1461
"['HORIE, 2019']",14
"['HORIE, 2019']",15
"['Hossain et al., 2020']",1434
"['Hughes, 2014']",1669
"['Hughes, 2014']",1594
"['Hussain et al., 2019']",220
"['Hutchinson et al., 2013']",778
"['Hutchinson et al., 2013']",790
"['ICARDA, 2021']",945
"['ICARDA, 2021']",946
"['IDB, 2021']",431
"['IDB, 2021']",457
"['IDB, 2021']",396
"['IDMC, 2019b']",119
"['IFAD, 2011']",1314
"['IFAD, 2011']",85
"['IFAD, 2013']",1972
"['IFAD, 2019']",339
"['IFAD, 2019']",353
"['IFAD, 2021']",1296
"['IFAD, 2022']",202
"['IFAD, 2022']",1176
"['IFPRI, 2007']",1292
"['ILRI, 2013']",1538
"['Imbach et al., 2017']",859
"['Imbach et al., 2017']",849
"['Imbach et al., 2017']",859
"['Imbach et al., 2017']",865
"['Imbach et al., 2017']",798
"['Imbach et al., 2017']",799
"['Imbach et al., 2017']",808
"['Imbach et al., 2017']",809
"['Imbach et al., 2017']",810
"['Imbach et al., 2017']",802
"['Imbach et al., 2017']",803
"['Imbach et al., 2017']",807
"['Imbach et al., 2017']",833
"['Imbach et al., 2017']",806
"['Imbach et al., 2017']",815
"['Imbach et al., 2017']",826
"['IMF, 1995']",345
"['IMF, 2017']",364
"['IMF, 2017']",419
"['IMF, 2017']",420
"['IMF, 2020']",2102
"['IMF, 2020']",2103
"['IMF, 2020']",1690
"['IMF, 2020']",1689
"['IMF, 2021']",1802
"['IMF, 2021']",1793
"['INDC, 2016']",1344
"['Innazent et a.l, 2022']",84
"['Innocent et al., 2020']",1766
"['IPCC, 2019']",662
"['IPCC, 2019']",2125
"['IPCC, 2022']",1873
"['IPCC, 2022']",564
"['IPCC, 2022']",566
"['IPCC, 2022']",569
"['IPCC, 2022']",558
"['IPCC, 2022']",1971
"['IPCC, 2022']",2000
"['Iris and Hazel, 2017']",331
"['Iris and Hazel, 2017']",320
"['Iris and Hazel, 2017']",321
"['Iris and Hazel, 2017']",324
"['IRRI, n.d.']",242
"['Jabara et al., 2009']",1681
"['Jabara et al., 2009']",1688
"['Jackson et al., 2017']",1763
"['Jackson et al., 2017']",1796
"['Jackson et al., 2017']",1800
"['Jackson et al., 2017']",1774
"['Jackson et al., 2017']",1777
"['JAYNE et al., 2021']",2325
"['Joan, 2021']",2039
"['Joan, 2021']",2040
"['Jobbins and Henley, 2015']",969
"['Jobbins and Henley, 2015']",936
"['Jobbins and Henley, 2015']",939
"['Jobbins and Henley, 2015']",907
"['Jobbins and Henley, 2015']",933
"['Jobbins and Henley, 2015']",921
"['Jobbins and Henley, 2015']",875
"['John and Fielding, 2014']",1448
"['John and Fielding, 2014']",1467
"['Jordan and Speelman, 2020']",780
"['Jordan and Speelman, 2020']",785
"['Jordan and Speelman, 2020']",789
"['Kabede et al., 2021']",1593
"['Kabede et al., 2021']",1670
"['Kabo-bah et al., 2020']",2193
"['Kabo-bah et al., 2020']",2196
"['Kandeel, 2019']",1071
"['Kandji et al., 2006']",1556
"['Khan et al., 2014']",1750
"['Kibria and Haroon, 2017']",1465
"['Kibria and Haroon, 2017']",1466
"['Kingsley, 2017']",2045
"['Kirby, 2022']",1532
"['Kirby, 2022']",1562
"['Kirby, 2022']",1674
"['Kirby, 2022']",1558
"['KIT, 2018']",2001
"['Korres et al., 2017']",223
"['Korres et al., 2017']",1379
"['Korres et al., 2017']",1380
"['Korres et al., 2017']",221
"['Korres et al., 2017']",1378
"['Korres et al., 2017']",252
"['Korres et al., 2017']",266
"['Kotera et al., 2008']",24
"['Kotera et al., 2008']",29
"['Kotera et al., 2008']",31
"['Krishna et al., 2022']",1416
"['Krishna et al., 2022']",1414
"['Kumar et al., 2012']",1356
"['Kumar et al., 2021']",40
"['Lambrano et al., 2020']",780
"['Lambrano et al., 2020']",785
"['Lambrano et al., 2020']",791
"['Lambrano et al., 2020']",790
"['Lambrano et al., 2020']",789
"['Lambrano et al., 2020']",788
"['Lambrano et al., 2020']",764
"['Lambrano et al., 2020']",774
"['Lambrano et al., 2020']",775
"['Lambrano et al., 2020']",795
"['Lambrano et al., 2020']",793
"['Lambrano et al., 2020']",783
"['Lambrano et al., 2020']",772
"['Lambrano et al., 2020']",716
"['Lambrano et al., 2020']",718
"['Lambrano et al., 2020']",719
"['Lambrano et al., 2020']",781
"['Lambrano et al., 2020']",717
"['Lambrano et al., 2020']",720
"['Lambrano et al., 2020']",721
"['Landicho et al., 2019']",306
"['Landicho et al., 2019']",297
"['Landicho et al., 2019']",269
"['Landicho et al., 2019']",296
"['Landicho et al., 2019']",299
"['Landicho et al., 2019']",209
"['Landicho et al., 2019']",210
"['Landicho et al., 2019']",283
"['Landicho et al., 2019']",280
"['Landicho et al., 2019']",281
"['Landicho et al., 2019']",282
"['Landicho et al., 2019']",284
"['Landicho et al., 2019']",237
"['Landicho et al., 2019']",285
"['Landicho et al., 2019']",267
"['Landicho et al., 2019']",268
"['Landicho et al., 2019']",300
"['Landicho et al., 2019']",303
"['Landicho et al., 2019']",253
"['Landicho et al., 2019']",272
"['Laurent et al ., 2022']",2085
"['Laurent et al ., 2022']",1969
"['Lemma and Megersa, 2021']",1954
"['Lemma and Megersa, 2021']",1965
"['Lemma and Megersa, 2021']",1974
"['Lemma and Megersa, 2021']",1953
"['Lennart and Humberto, 2020']",1998
"['Lewis et al., 2018']",1075
"['Lewis et al., 2018']",1058
"['Lewis et al., 2018']",1062
"['Lewis et al., 2018']",1066
"['Lewis et al., 2018']",1069
"['Lewis et al., 2018']",1057
"['Lewis et al., 2018']",1070
"['Lewis et al., 2018']",1105
"['Lewis et al., 2018']",1106
"['Lewis et al., 2018']",1080
"['Lewis et al., 2018']",1198
"['Lin et al., 2022']",239
"['Lin et al., 2022']",240
"['Lin et al., 2022']",245
"['Lin et al., 2022']",241
"['Lin et al., 2022']",248
"['Ling et al., 2015']",3
"['Llambí & Garcés, 2021']",691
"['Llambí & Garcés, 2021']",689
"['Llambí & Garcés, 2021']",696
"['Llambí & Garcés, 2021']",690
"['Llambí & Garcés, 2021']",700
"['Llambí & Garcés, 2021']",688
"['Lopez‑Ridaura et al., 2021']",863
"['Loudyi, 2020']",973
"['Lutz et al., 2019']",2137
"['Lutz et al., 2019']",2049
"['Lysyk, 2022']",902
"['López-Carr, 2021']",571
"['López-Carr, 2021']",590
"['López-Carr, 2021']",597
"['López-Carr, 2021']",620
"['López-Carr, 2021']",591
"['López-Carr, 2021']",600
"['López-Carr, 2021']",601
"['López-Carr, 2021']",610
"['López-Carr, 2021']",614
"['López-Carr, 2021']",602
"['López-Carr, 2021']",593
"['Løvold, 2014']",606
"['Maeda et al., 2020']",603
"['Maeda et al., 2020']",605
"['Maeda et al., 2020']",616
"['Maeda et al., 2020']",608
"['Maeda et al., 2020']",618
"['Magar et al., 2022']",1394
"['Magar et al., 2022']",1406
"['Magar et al., 2022']",1417
"['Magar et al., 2022']",1441
"['Magar et al., 2022']",1424
"['Magar et al., 2022']",1440
"['Magar et al., 2022']",1405
"['Magar et al., 2022']",1385
"['Magar et al., 2022']",1372
"['Magar et al., 2022']",1395
"['Magiri et al., 2021']",2211
"['Mahabaleshwara & Nagabhushan, 2014']",1480
"['Mahmoud, 2021']",1113
"['Mainuddin et al., 2022']",1478
"['Mainuddin et al., 2022']",1479
"['Mainuddin et al., 2022']",1488
"['Mainuddin et al., 2022']",1495
"['Mainuddin et al., 2022']",1472
"['Mainuddin et al., 2022']",1498
"['Mainuddin et al., 2022']",1452
"['Mainuddin et al., 2022']",1453
"['Mainuddin et al., 2022']",1454
"['Mainuddin et al., 2022']",1462
"['Mainuddin et al., 2022']",1459
"['Mainuddin et al., 2022']",1450
"['Mainuddin et al., 2022']",1512
"['Mar et al., 2018']",287
"['Mar et al., 2018']",260
"['Mar et al., 2018']",296
"['Mar et al., 2018']",217
"['Mar et al., 2018']",302
"['Mar et al., 2018']",231
"['Mar et al., 2018']",277
"['Mar et al., 2018']",209
"['Mar et al., 2018']",210
"['Mar et al., 2018']",289
"['Mar et al., 2018']",290
"['Mar et al., 2018']",286
"['Mar et al., 2018']",225
"['Mar et al., 2018']",226
"['Mar et al., 2018']",227
"['Mar et al., 2018']",228
"['Mar et al., 2018']",230
"['Marczak et al., 2021']",356
"['Marczak et al., 2021']",373
"['Marengo et al., 2018']",566
"['Marengo et al., 2018']",569
"['Marengo et al., 2018']",599
"['Marengo et al., 2018']",591
"['Marengo et al., 2018']",610
"['Marengo et al., 2018']",597
"['Marengo et al., 2018']",592
"['Maybe, 2011']",2242
"['Mekuria & Mekonnen, 2018']",1903
"['Melissa et al., 2017']",385
"['Melissa et al., 2017']",408
"['Melissa et al., 2017']",523
"['Melissa et al., 2017']",528
"['Melissa et al., 2017']",389
"['Melissa et al., 2017']",429
"['Mertz et al., 2008']",2235
"['Mertz et al., 2008']",2170
"['Meza et al., 2012']",789
"['Michael, 2020']",2163
"['Michalak et al., 2021']",13
"['Ministry of Agriculture, Livestock and Food Supply, 2021']",564
"['Ministry of Agriculture, Livestock and Food Supply, 2021']",603
"['Ministry of Agriculture, Livestock and Food Supply, 2021']",605
"['Ministry of Agriculture, Livestock and Food Supply, 2021']",616
"['Ministry of Agriculture, Livestock and Food Supply, 2021']",565
"['Ministry of Foreign Affairs, 2018']",1468
"['Ministry of Foreign Affairs, 2018']",1486
"['Ministry of Foreign Affairs, 2018']",1452
"['Ministry of Foreign Affairs, 2018']",1461
"['Ministry of Foreign Affairs, 2018']",1462
"['Ministry of Foreign Affairs, 2018']",1469
"['Ministry of Foreign Affairs, 2018']",1484
"['Ministry of Foreign Affairs, 2018']",1519
"['Ministry of Foreign Affairs, 2018']",1522
"['Ministry of Foreign Affairs, 2018']",1515
"['Ministry of Foreign Affairs, 2018']",1498
"['Ministry of Foreign Affairs, 2018']",1511
"['Ministry of Foreign Affairs, 2018']",1464
"['Minora et al., 2015']",634
"['Minora et al., 2015']",701
"['Minsoo L. et al., 2016']",125
"['Mishra et al., 2021']",1417
"['Mishra et al., 2021']",1441
"['Mishra et al., 2021']",1439
"['Mishra et al., 2021']",1381
"['Mishra et al., 2021']",1372
"['Mishra et al., 2021']",1429
"['Mishra et al., 2021']",1440
"['Mishra et al., 2021']",1416
"['Mishra et al., 2021']",1414
"['Mishra et al., 2021']",1415
"['Mishra et al., 2022']",67
"['Mishra et al., 2022']",58
['MoALFC and World Bank 2021'],1955
['MoALFC and World Bank 2021'],1956
['MoALFC and World Bank 2021'],1957
['MoALFC and World Bank 2021'],1958
['MoALFC and World Bank 2021'],1967
['MoALFC and World Bank 2021'],1968
['MoALFC and World Bank 2021'],1973
"['Mohamed and Squires, 2018']",931
"['Mohamed and Squires, 2018']",900
"['Mohamed and Squires, 2018']",899
"['Mohamed and Squires, 2018']",922
"['Mohamed and Squires, 2018']",923
"['Mohamed and Squires, 2018']",924
"['Mohamed and Squires, 2018']",926
"['Mohamed and Squires, 2018']",930
"['Mohamed and Squires, 2018']",941
"['Mohamed and Squires, 2018']",876
"['Mohamed and Squires, 2018']",877
"['Mohamed and Squires, 2018']",878
"['Mohamed and Squires, 2018']",880
"['Mohamed and Squires, 2018']",879
"['Mohamed and Squires, 2018']",934
"['Mohamed et al., 2019']",927
"['Mohamed et al., 2019']",964
"['Mohamed et al., 2019']",925
"['Mohamed et al., 2019']",948
"['Mohamed et al., 2019']",950
"['Mohamed et al., 2019']",929
"['Mohamed et al., 2019']",928
"['Mohamed et al., 2019']",944
"['Mohamed et al., 2019']",884
"['Mohanty & Wadhawan, 2021']",1345
"['Mohanty & Wadhawan, 2021']",1320
"['Mohanty & Wadhawan, 2021']",1329
"['Mohanty & Wadhawan, 2021']",1343
"['Mohanty & Wadhawan, 2021']",1350
"['Mohanty & Wadhawan, 2021']",1302
"['Mohanty & Wadhawan, 2021']",1305
"['Mohanty et al., 2013']",1469
"['Mohanty et al., 2013']",1484
"['Mohanty et al., 2013']",1488
"['Mohanty et al., 2013']",1517
"['Mohanty et al., 2013']",1451
"['Mohanty et al., 2013']",1461
"['Mohanty et al., 2013']",1459
"['Mohanty et al., 2013']",1450
"['Mohanty et al., 2013']",1502
"['Mohanty et al., 2013']",1471
"['Mohanty et al., 2013']",1458
"['Mojid & Mainuddin, 2021']",1430
"['Mojid & Mainuddin, 2021']",1435
"['Mojid & Mainuddin, 2021']",1443
"['Mojid & Mainuddin, 2021']",1423
"['Mojid & Mainuddin, 2021']",1404
"['Morgon et al., 2015']",2106
"['Morris et al., 2002']",329
"['Mortimore, 2009']",2271
"['Msowoya et al., 2016']",2105
"['Mubarik et al., 2005']",155
"['Mulat et al., 2016']",2111
"['Mulubrhan et al., 2021']",1580
"['Mulubrhan et al., 2021']",1583
"['Mulubrhan et al., 2021']",1584
"['Mulubrhan et al., 2021']",2162
"['Muoki et al., 2020']",2052
"['Muoki et al., 2020']",2057
"['Muoki et al., 2020']",1975
"['Muoki et al., 2020']",1955
"['Muoki et al., 2020']",1956
"['Muoki et al., 2020']",1957
"['Muoki et al., 2020']",1958
"['Mwongera and Gichuru, 2021']",1217
"['Narin, 2022']",11
"['NES Agriculture Working Group, 2022']",935
"['Newell et al., 2019']",1771
"['Ngigi et al., 2021']",538
"['Ngigi et al., 2021']",492
"['Ngigi et al., 2021']",504
"['Ngigi et al., 2021']",497
"['Nguyen et al., 2017']",53
"['Nguyen et al., 2017']",55
"['Nguyen et al., 2017']",7
"['Nguyen et al., 2017']",4
"['Nguyen et al., 2017']",5
"['Nguyen et al., 2017']",18
"['Nguyen et al., 2017']",22
"['Nguyen et al., 2017']",23
"['Nguyen et al., 2017']",49
"['NIC, 2009']",34
"['Nidumolu etal., 2022']",1553
"['Nidumolu etal., 2022']",1554
"['Nidumolu etal., 2022']",1632
"['Nithin Coca, 2020']",104
"['Nithin Coca, 2020']",94
"['Nithin Coca, 2020']",105
"['Nithin Coca, 2020']",127
"['Nkonya., 2016']",1725
"['Nkonya., 2016']",1685
"['Nobre et al., 2021']",590
"['Nobre et al., 2021']",603
"['Nobre et al., 2021']",605
"['Nobre et al., 2021']",616
"['Nobre et al., 2021']",612
"['Nobre et al., 2021']",589
"['Nobre et al., 2021']",596
"['Odhiambo, 2016']",1762
"['OECD, 2008']",2250
"['OECD, 2008']",2223
"['OECD/FAO, 2018']",873
"['OECD/FAO, 2018']",895
"['OECD/FAO, 2018']",951
"['OECD/FAO, 2018']",954
"['OECD/FAO, 2018']",940
"['OECD/FAO, 2018']",931
"['OECD/FAO, 2018']",932
"['OECD/FAO, 2018']",933
"['OECD/FAO, 2018']",960
"['OECD/FAO, 2018']",959
"['OECD/FAO, 2018']",1081
"['Ofori et al., 2021']",2169
"['Ofori et al., 2021']",2212
"['Okori and Munthali, 2022']",1933
"['Olsson et al., 2019']",765
"['Olsson et al., 2019']",257
"['Olsson et al., 2019']",766
"['Olsson et al., 2019']",243
"['Olsson et al., 2019']",583
"['Olsson et al., 2019']",758
"['Olsson et al., 2019']",258
"['Olsson et al., 2019']",768
"['Olsson et al., 2019']",770
"['Om Prakash, 2013']",143
"['Osei-Adu et al., 2016']",2337
"['Osei-Adu et al., 2016']",2339
"['Osei-Adu et al., 2016']",2359
"['Osei-Adu et al., 2016']",2378
"['Osei-Adu et al., 2016']",2370
"['Osei-Adu et al., 2016']",2333
"['Otte et al., 2019']",161
"['Owings, 2020']",1927
"['Owings, 2020']",1892
"['Owings, 2020']",1891
"['Owusu et al., 2020']",2378
"['Owusu et al., 2020']",2380
"['Owusu et al., 2020']",2272
"['Owusu et al., 2020']",2273
"['Owusu et al., 2020']",2274
"['Owusu et al., 2020']",2276
"['Owusu et al., 2020']",2289
"['Owusu et al., 2020']",2297
"['Owusu et al., 2020']",2310
"['Owusu et al., 2020']",2311
"['Owusu et al., 2020']",2313
"['Owusu et al., 2020']",2315
"['Owusu et al., 2020']",2288
"['Owusu et al., 2020']",2341
"['Owusu et al., 2020']",2345
"['Owusu et al., 2020']",2350
"['Owusu et al., 2020']",2354
"['Owusu et al., 2020']",2355
"['Owusu et al., 2020']",2346
"['Owusu et al., 2020']",2348
"['Owusu et al., 2020']",2298
"['Owusu et al., 2020']",2300
"['Owusu et al., 2020']",2362
"['Owusu et al., 2020']",2349
"['Owusu et al., 2020']",2351
"['Owusu et al., 2020']",2369
"['Owusu et al., 2020']",2371
"['Owusu et al., 2020']",2292
"['OXFAM, 2016']",50
"['OXFAM, 2016']",21
"['OXFAM, 2016']",19
"['OXFAM, 2016']",36
"['Oxfam, 2019']",1468
"['Oxfam, 2019']",1486
"['Oxfam, 2019']",287
"['Oxfam, 2019']",269
"['Oxfam, 2019']",270
"['Oxfam, 2019']",255
"['Oxfam, 2019']",257
"['Oxfam, 2019']",1464
"['Oxfam, 2019']",308
"['Oxfam, 2019']",310
"['Oxfam, 2019']",288
"['Ozor et al., 2020']",1768
"['Pan et al., 2021']",2320
['Papademetriou'],57
"['Pasricha, 2021']",1244
"['Pasricha, 2021']",1247
"['Pena-Ramos et al., 2022']",1787
"['Perez et al., 2010']",706
"['Perrings and Halkos, 2015']",2199
"['Perrings and Halkos, 2015']",2220
"['Perrotti, 2011']",532
"['Petit and Boujenane, 2018']",948
"['Petley, 2010']",109
"['Petley, 2010']",110
"['Petley, 2010']",111
"['Peña-Guerrero et al., 2020']",716
"['Peña-Guerrero et al., 2020']",717
"['Peña-Guerrero et al., 2020']",792
"['Pham et al., 2020']",251
"['Piechota et al., 2020']",957
"['Pipitpukdee et al., 2020']",280
"['Pipitpukdee et al., 2020']",281
"['Pipitpukdee et al., 2020']",289
"['Pipitpukdee et al., 2020']",302
"['Pipitpukdee et al., 2020']",277
"['Pipitpukdee et al., 2020']",224
"['Pivello et al., 2021']",566
"['Pivello et al., 2021']",569
"['Pivello et al., 2021']",599
"['Pivello et al., 2021']",619
"['Pivello et al., 2021']",559
"['Pokharel et al., 2018']",1417
"['Pokharel et al., 2018']",1441
"['Pokharel et al., 2018']",1400
"['Pokharel et al., 2018']",1402
"['Pokharel et al., 2018']",1415
"['Pokharel et al., 2018']",1422
"['Pokharel et al., 2018']",1444
"['Pokharel et al., 2018']",1445
"['Polade et al., 2014']",386
"['Polade et al., 2014']",415
"['Polade et al., 2014']",410
"['Polade et al., 2014']",388
"['Polade et al., 2014']",384
"['Polade et al., 2014']",413
"['Polade et al., 2014']",432
"['Polade et al., 2014']",387
"['Polade et al., 2014']",390
"['Polade et al., 2014']",412
"['Polade et al., 2014']",433
"['Polade et al., 2014']",445
"['Polade et al., 2014']",411
"['Polade et al., 2014']",423
"['Polade et al., 2014']",394
"['Polade et al., 2014']",496
"['Pons, 2021']",798
"['Pons, 2021']",859
"['Pons, 2021']",799
"['Pons, 2021']",800
"['Pons, 2021']",819
"['Pons, 2021']",820
"['Pons, 2021']",821
"['Pons, 2021']",822
"['Pontifes et al., 2018']",715
"['Poole et al., 2007']",500
"['Poole et al., 2007']",505
"['Poonam et al., 2018']",1530
"['Poveda et al., 2020']",642
"['Prabhakar et al., 2014']",1357
"['Prager et al., 2020']",791
"['Prager et al., 2020']",721
"['Prager et al., 2020']",745
"['Prager et al., 2020']",714
"['Prager et al., 2020']",715
"['Prager et al., 2020']",724
"['Prager et al., 2020']",722
"['Prager et al., 2020']",730
"['Prager et al., 2020']",739
"['Prager et al., 2020']",725
"['Priyankari, 2016']",1290
"['Rahman et al., 2019']",1454
"['Rahman et al., 2019']",1457
"['Rajalahti, 2021']",203
"['Ramachandran, 2022']",337
"['Ramachandran, 2022']",382
"['Ramirez-Cabral et al., 2017']",798
"['Ramirez-Cabral et al., 2017']",808
"['Ramirez-Cabral et al., 2017']",802
"['Rasu et al., 2022']",1291
"['Rasu et al., 2022']",2191
"['Rattan, 2009']",1271
"['Rattan, 2009']",1273
"['Raufu et al., 2018']",913
"['Raufu et al., 2018']",914
"['Ravikumar et al., 2016']",608
"['Ravikumar et al., 2016']",592
"['Ravikumar et al., 2016']",621
"['Ravikumar et al., 2016']",611
"['Raza et al., 2021']",170
"['Reda et al., 2015']",303
"['Reda et al., 2015']",307
"['Reda et al., 2015']",301
"['Reda et al., 2015']",298
"['Redfern, 2012']",65
"['Reguero et al., 2015']",320
"['Reid et al., 2012']",1335
"['Reid et al., 2012']",1336
"['Reid et al., 2012']",1337
"['Reyer et al., 2015']",745
"['Reyer et al., 2015']",724
"['Reyer et al., 2015']",722
"['Ristaino et al., 2021']",1304
"['Rivera et al., 2021']",780
"['Rivera et al., 2021']",783
"['Rivera et al., 2021']",772
"['Rivera et al., 2021']",714
"['Rivera et al., 2021']",738
"['Rivera et al., 2021']",739
"['Rivera et al., 2021']",794
"['Rivera et al., 2021']",737
"['Rojas, 2017']",428
"['Rojas-Downing et al., 2017']",915
"['Rojas-Downing et al., 2017']",903
"['Rojas-Downing et al., 2017']",905
"['Romjin et al., 2019']",365
"['Rosa, 2022']",182
"['Russo et al., 2017']",1706
"['Rémy Habou, 2017']",2050
"['Safi et al., 2018']",918
"['Sagoe, 2006']",2272
"['Sagoe, 2006']",2273
"['Sagoe, 2006']",2274
"['Sagoe, 2006']",2276
"['Sagoe, 2006']",2289
"['Sagoe, 2006']",2297
"['Sagoe, 2006']",2310
"['Sagoe, 2006']",2311
"['Sagoe, 2006']",2315
"['Sagoe, 2006']",2288
"['Sagoe, 2006']",2341
"['Sagoe, 2006']",2358
"['Sagoe, 2006']",2350
"['Sagoe, 2006']",2337
"['Sagoe, 2006']",2348
"['Sagoe, 2006']",2298
"['Sagoe, 2006']",2300
"['Sagoe, 2006']",2339
"['Sagoe, 2006']",2362
"['Sagoe, 2006']",2349
"['Sagoe, 2006']",2378
"['Sagoe, 2006']",2369
"['Sagoe, 2006']",2371
"['Sagoe, 2006']",2292
"['Sagoe, 2006']",2277
"['Sagoe, 2006']",2312
"['Sagoe, 2006']",2363
"['Sagoe, 2006']",2360
"['Sagoe, 2006']",2335
"['Sagoe, 2006']",2309
"['Sagoe, 2006']",2340
"['Sagoe, 2006']",2359
"['Sagoe, 2006']",2291
"['Sagoe, 2006']",2377
"['Sagoe, 2006']",2378
"['Sagoe, 2006']",2380
"['Sain et al., 2017']",832
"['Sain et al., 2017']",849
"['Sain et al., 2017']",850
"['Sain et al., 2017']",851
"['Sain et al., 2017']",852
"['Sain et al., 2017']",798
"['Salazar, 2006']",678
"['Salmoral et al., 2020']",781
"['Salmoral et al., 2020']",784
"['Sanchez et al., 1997']",1984
"['Sanchez et al., 1997']",1988
"['Sanchez et al., 1997']",2008
"['Sanchez et al., 1997']",1987
"['Sanchez-Garcia, 2021']",881
"['Sanchez-Garcia, 2021']",882
"['Sanginga, 2015']",2330
"['Sanginga, 2015']",2332
"['Sanjak et al., 2016']",342
"['Sanjak et al., 2016']",361
"['Sanjeet Bagcchi, 2020']",1254
"['Sarkar, 2020']",1258
"['Sarkar, 2020']",1249
"['Sarkar, 2020']",1261
"['Sathyan et al., 2018']",1288
"['Schneider et al., 2020']",28
"['Schneider et al., 2020']",56
"['Schoolmeester et al., 2016']",698
"['Schoolmeester et al., 2016']",692
"['Schoolmeester et al., 2016']",693
"['Schoolmeester et al., 2016']",681
"['Schoolmeester et al., 2016']",682
"['Schoolmeester et al., 2016']",704
"['Schoolmeester et al., 2016']",710
"['Schoolmeester et al., 2016']",697
"['Schoolmeester et al., 2016']",711
"['Schoolmeester et al., 2016']",712
"['Schreinemachers et al., 2013']",296
"['Schreinemachers et al., 2013']",254
"['Schreinemachers et al., 2013']",300
"['Schreinemachers et al., 2013']",303
"['Schreinemachers et al., 2013']",311
"['Schreinemachers et al., 2013']",312
"['Schreinemachers et al., 2013']",293
"['Schreinemachers et al., 2013']",306
"['Schreinemachers et al., 2013']",305
"['Schreinemachers et al., 2013']",279
"['Schreinemachers et al., 2013']",259
"['Schreinemachers et al., 2013']",261
"['Schreinemachers et al., 2013']",275
"['Schreinemachers et al., 2013']",276
"['Schreinemachers et al., 2013']",278
"['Schreinemachers et al., 2013']",263
"['Schreinemachers et al., 2013']",264
"['Schreinemachers et al., 2013']",256
"['Schreinemachers et al., 2013']",255
"['Schreinemachers et al., 2013']",257
"['Segal , 2019']",61
"['Segal , 2019']",82
"['Segal , 2019']",86
"['Segal , 2019']",59
"['Sekeris, 2011']",1870
"['Sekiyama, 2022']",112
"['Sekiyama, 2022']",113
"['Sekiyama, 2022']",114
"['Sellers & Bilsborrow, 2020']",581
"['Selvaraju, 2013']",1187
"['Sen, 2017']",130
"['Servin and Mendoza, 2014']",723
"['Shahid et al., 2021']",1469
"['Shahid et al., 2021']",1471
"['Shahid et al., 2021']",1484
"['Shahid et al., 2021']",1495
"['Shahid et al., 2021']",1504
"['Shahid et al., 2021']",1503
"['Shahid et al., 2021']",1517
"['Shahid et al., 2021']",1511
"['Shahid et al., 2021']",1458
"['Shahid et al., 2021']",1461
"['Shahid et al., 2021']",1496
"['Shahid et al., 2021']",1513
"['Shankar et al., 2014']",1494
"['Shankar et al., 2014']",1507
"['Shankar et al., 2014']",1454
"['Sharma and Manjeet, 2020']",741
"['Sharma and Manjeet, 2020']",743
"['Shi et al., 2021']",1411
['Shiferaw et al. 2014'],1701
['Shiferaw et al. 2014'],1900
['Shiferaw et al. 2014'],1901
"['Silva et al., 2022']",567
"['Silva et al., 2022']",571
"['Simpson et al., 2021']",1876
"['Simpson et al., 2021']",1908
"['SINAGERD et al., 2014']",709
"['SINAGERD et al., 2014']",705
"['SINAGERD et al., 2014']",707
"['Sissoko et al., 2010']",2241
"['Skidmore et al., 2021']",589
"['Skidmore et al., 2021']",612
"['Skidmore et al., 2021']",621
"['Skidmore et al., 2021']",611
"['Skidmore et al., 2021']",590
"['SLAVCHEVSKA et al., 2017']",1732
"['SLAVCHEVSKA et al., 2017']",1772
"['Smajgl et al , 2015']",23
"['Smajgl et al , 2015']",18
"['SN Hlophe-Ginindza et al., 2020']",1932
"['Snel et al., 2018']",1713
"['Snel et al., 2018']",1715
"['SNV, 2022']",72
"['Song et al., 2022']",219
"['Song et al., 2022']",220
"['Sperrati et al., 2015']",359
"['Sperrati et al., 2015']",360
"['Sravan and Murthy, 2018']",1529
"['Sravan and Murthy, 2018']",1524
"['Sravan and Murthy, 2018']",1491
"['Sravan and Murthy, 2018']",1500
"['Srinivasarao et al., 2013']",1210
"['Srinivasrao et al., 2019']",1351
"['Stathers et al., 2020']",1795
"['Stavi et al., 2021']",1558
"['Stoop and Hart, 2006']",1803
"['Stuecker et al., 2018']",237
"['Stuecker et al., 2018']",271
"['Stuecker et al., 2018']",272
"['Stuecker et al., 2018']",211
"['Stuecker et al., 2018']",246
"['Stuecker et al., 2018']",231
"['Stuecker et al., 2018']",232
"['Stuecker et al., 2018']",234
"['Stäubli et al., 2018']",656
"['Stäubli et al., 2018']",683
"['Stäubli et al., 2018']",684
"['Stäubli et al., 2018']",686
"['Stäubli et al., 2018']",687
"['Stäubli et al., 2018']",685
"['Stäubli et al., 2018']",680
"['Stäubli et al., 2018']",676
"['Sugri et al., 2021']",2142
"['Sugri et al., 2021']",1764
"['Sujariya et al., 2020']",12
"['Sulca et al., 2018']",635
"['Sulca et al., 2018']",636
"['Surabhi and Deepti, 2009']",1274
"['Surabhi and Deepti, 2009']",1289
"['Suresh et al., 2021']",1496
"['Suresh et al., 2021']",1521
"['Suresh et al., 2021']",1498
"['Suresh et al., 2021']",1510
"['Suresh et al., 2021']",1494
"['Suresh et al., 2021']",1499
"['Suresh et al., 2021']",1501
"['Suresh et al., 2021']",1528
"['Swain, 2014']",1361
"['Swain, 2014']",1298
"['Swain, 2014']",1310
"['Swami, 2019']",1527
"['Tadele, 2012']",2088
"['Tadele, 2012']",2091
"['Tapasco et al., 2019']",572
"['Tapasco et al., 2019']",578
"['Tapasco et al., 2019']",579
"['Tapasco et al., 2019']",590
"['Tapasco et al., 2019']",603
"['Tapasco et al., 2019']",607
"['Tapasco et al., 2019']",596
"['Tapasco et al., 2019']",557
"['Tapasco et al., 2019']",604
"['Tapasco et al., 2019']",603
"['Tapasco et al., 2019']",620
"['Tapasco et al., 2019']",591
"['Tapasco et al., 2019']",600
"['Tapasco et al., 2019']",601
"['Tapasco et al., 2019']",612
"['Tapasco et al., 2019']",613
"['Tapasco et al., 2019']",594
"['Tapasco et al., 2019']",610
"['Tapasco et al., 2019']",609
"['Tapasco et al., 2019']",595
"['Tapasco et al., 2019']",621
"['Tapasco et al., 2019']",611
"['Tapia et al., 2022']",829
"['Taylor et al., 2016']",303
"['Taylor et al., 2016']",214
"['Taylor et al., 2016']",225
"['Taylor et al., 2016']",235
"['Taylor et al., 2016']",209
"['Taylor et al., 2016']",295
"['Taylor et al., 2016']",212
"['Taylor et al., 2016']",229
"['Taylor et al., 2016']",233
"['Tesfaye et al., 2015']",2098
"['Thomson et al., 2017']",1773
"['Thomson et al., 2017']",1776
"['Thornton et al., 2009']",2182
"['Thornton et al., 2009']",2184
"['Thornton et al., 2009']",2186
"['Thornton et al., 2009']",1538
"['Thornton et al., 2009']",2154
"['Thornton et al., 2009']",2155
"['Thornton et al., 2009']",2156
"['Thornton et al., 2009']",2157
"['Thornton et al., 2009']",2229
"['Thornton et al., 2009']",2149
"['Thornton et al., 2009']",2149
"['Thornton et al., 2009']",2150
"['Thornton et al., 2009']",2151
"['Thornton et al., 2009']",2180
"['Thornton et al., 2009']",2152
"['Thornton et al., 2009']",1540
"['Thornton et al., 2009']",1548
"['Thornton et al., 2009']",1549
"['Thornton et al., 2009']",1550
"['Tiwari and Dinar, 2001']",787
"['Toro-Mujica et al., 2019']",749
"['Toro-Mujica et al., 2019']",747
"['Toro-Mujica et al., 2019']",748
"['Torti, 2012']",136
"['Toufique et al., 2014']",1501
"['Toufique et al., 2014']",1528
"['Toufique et al., 2014']",1461
"['Toufique et al., 2014']",1457
"['Tran et al., 2019']",64
"['Tregidgo et al., 2020']",554
"['Tregidgo et al., 2020']",555
"['Tremblay, 2016']",1537
"['Tremblay, 2016']",1665
"['Tremblay, 2016']",1558
"['Tremblay, 2016']",1563
"['Truong An, 2020']",193
"['Tschakert, 2007']",2250
"['Tschakert, 2007']",2249
"['Tun et al., 2015']",244
"['Turner et al., 2012']",1593
"['Ullah et al., 2021']",1393
"['Ullah et al., 2021']",1409
"['Ullah et al., 2021']",1429
"['Ullah et al., 2021']",1417
"['Ullah et al., 2021']",1418
"['Ullah et al., 2021']",1384
"['Ullah et al., 2021']",1398
"['UN, 2020']",1691
"['UN, 2020']",1683
"['UN, 2020']",1755
"['UN, 2020']",1759
"['UN, 2020']",1647
"['UN, 2020']",1154
"['UN, 2020']",421
"['UN, 2020']",1999
"['UN, 2021']",338
"['UN, 2022']",366
"['UN, 2022']",336
"['UN, 2022']",1627
"['UN, 2022']",452
"['UN, 2022']",1862
"['UN, 2022']",2167
"['UNCCD, 2007']",1278
"['UNCCD, 2007']",1279
"['UNDP, 2018']",709
"['UNDP, 2018']",705
"['UNDP, 2018']",707
"['UNDP, n.d']",377
"['UNDP, n.d']",378
"['UNDP, n.d']",368
"['UNEP, 2010']",472
"['UNEP, 2010']",474
"['UNEP, 2010']",540
"['UNEP, 2010']",325
"['UNEP, 2010']",503
"['UNEP, 2010']",530
"['UNEP, 2010']",529
"['UNEP, 2010']",493
"['UNEP, 2010']",499
"['UNEP, 2022']",2209
"['UNEP, 2022']",2210
"['UNEP, 2022']",1248
"['UNEP, 2022']",1259
"['UNEP, 2022']",1260
"['UNESCO, 2006']",1996
"['UNESCO, 2017']",2373
"['UNESCO, 2017']",2374
"['UNFCCC, 2020']",2059
"['UNFCCC, 2020']",1835
"['UNFCCC, 2020']",1846
"['UNFCCC, 2020']",1844
"['UNFCCC, 2020']",1832
"['UNFCCC, 2020']",1839
"['UNFCCC, 2020']",2053
"['UNFCCC, 2020']",2056
"['UNFCCC, 2020']",1866
"['Unganai, 2009']",1644
"['UNHCR, 2022']",2171
"['UNHCR, 2022']",2149
"['UNHCR, 2022']",2185
"['UNHCR, 2022']",1538
"['UNHCR, 2022']",1591
"['UNHCR, 2022']",2174
"['UNHCR, 2022']",1563
"['UNIDO, 2017']",2023
"['UNIDO, 2017']",2024
"['United States Environmental Protection Agency, 2021']",321
"['Urama and Ozor, 2010']",2166
"['US Resilience Climate Toolkit, 2021']",324
"['USAID, 2012']",1565
"['USAID, 2012']",1597
"['USAID, 2012']",1606
"['USAID, 2012']",1556
"['USAID, 2013']",1086
"['USAID, 2016']",2096
"['USAID, 2016']",2062
"['USAID, 2016']",2131
"['USAID, 2016']",2118
"['USAID, 2016']",2071
"['USAID, 2016']",2072
"['USAID, 2016']",2073
"['USAID, 2016']",2065
"['USAID, 2016']",2067
"['USAID, 2016']",2146
"['USAID, 2016']",2147
"['USAID, 2016']",2148
"['USAID, 2016']",2145
"['USAID, 2016']",2064
"['USAID, 2016']",2078
"['USAID, 2016']",2059
"['USAID, 2016']",2060
"['USAID, 2016']",2061
"['USAID, 2016']",2080
"['USAID, 2016']",2063
"['USAID, 2016']",2069
"['USAID, 2017']",2341
"['USAID, 2017']",2272
"['USAID, 2017']",2273
"['USAID, 2017']",2274
"['USAID, 2017']",2276
"['USAID, 2017']",2289
"['USAID, 2017']",2297
"['USAID, 2017']",2310
"['USAID, 2017']",2311
"['USAID, 2017']",2312
"['USAID, 2017']",2315
"['USAID, 2017']",2288
"['USAID, 2017']",2363
"['USAID, 2017']",2360
"['USAID, 2017']",2335
"['USAID, 2017']",2298
"['USAID, 2017']",2300
"['USAID, 2017']",2340
"['USAID, 2017']",2285
"['USAID, 2017']",2291
"['USAID, 2017']",2378
"['USAID, 2017']",2292
"['USAID, 2017']",683
"['USAID, 2017']",680
"['USAID, 2017']",1234
"['USAID, 2017']",1235
"['USAID, 2017']",1236
"['USAID, 2017']",1237
"['USAID, 2017']",1238
"['USAID, 2017']",1239
"['USAID, 2017']",1240
"['USAID, 2017']",1241
"['USAID, 2017']",656
"['USAID, 2017']",676
"['USAID, 2017']",1233
"['USAID, 2017']",2303
"['USAID, 2017']",2318
"['USAID, 2017']",2326
"['USAID, 2017']",1954
"['USAID, 2017']",1953
"['USAID, 2017']",703
"['USAID, 2017']",2328
"['USAID, 2017']",1245
"['USAID, 2017']",637
"['USAID, 2018']",564
"['USAID, 2018']",566
"['USAID, 2018']",569
"['USAID, 2018']",574
"['USAID, 2018']",576
"['USAID, 2018']",558
"['USAID, 2018']",622
"['USAID, 2018']",570
"['USAID, 2018']",572
"['USAID, 2018']",578
"['USAID, 2018']",579
"['USAID, 2018']",577
"['USAID, 2018']",573
"['USAID, 2018']",584
"['USAID, 2018']",598
"['USAID, 2018']",580
"['USAID, 2018']",582
"['USAID, 2018']",553
"['USAID, 2018']",554
"['USAID, 2018']",561
"['USAID, 2018']",563
"['USAID, 2018']",555
"['USAID, 2018']",557
"['USAID, 2018']",562
"['USAID, 2018']",556
"['USDA, n.d']",369
"['Ussiri and Lal, 2019']",2367
"['Ussiri and Lal, 2019']",1730
"['Varangis et al., 2003']",344
"['Varangis et al., 2003']",363
"['Vergara, W et al., 2014']",320
"['Vergara, W et al., 2014']",321
"['Vergara, W et al., 2014']",331
"['Verhage et al., 2018']",2131
"['Verhage et al., 2018']",2096
"['Verhage et al., 2018']",2062
"['Verhage et al., 2018']",2128
"['Verhage et al., 2018']",2118
"['Verhage et al., 2018']",2119
"['Verhage et al., 2018']",2121
"['Verhage et al., 2018']",2071
"['Verhage et al., 2018']",2072
"['Verhage et al., 2018']",2073
"['Verhage et al., 2018']",2065
"['Verhage et al., 2018']",2067
"['Verhage et al., 2018']",2146
"['Verhage et al., 2018']",2147
"['Verhage et al., 2018']",2148
"['Verhage et al., 2018']",2145
"['Verhage et al., 2018']",2120
"['Verhage et al., 2018']",2140
"['Verhage et al., 2018']",2064
"['Verhage et al., 2018']",2078
"['Verhage et al., 2018']",2097
"['Waha et al., 2017']",930
"['Waha et al., 2017']",876
"['Waha et al., 2017']",881
"['Waha et al., 2017']",882
"['Waha et al., 2017']",896
"['Waha et al., 2017']",897
"['Waha et al., 2017']",891
"['Waha et al., 2017']",893
"['Waha et al., 2017']",885
"['Waha et al., 2017']",886
"['Waha et al., 2017']",887
"['Waha et al., 2017']",889
"['Waha et al., 2017']",1167
"['Waha et al., 2017']",1165
"['Waha et al., 2017']",1177
"['Waha et al., 2017']",1179
"['Waha et al., 2017']",1174
"['Waha et al., 2017']",1163
"['Waha et al., 2017']",1183
"['Waha et al., 2017']",1166
"['Waha et al., 2017']",1173
"['Waha et al., 2017']",1200
"['Waha et al., 2017']",1202
"['Waha et al., 2017']",1149
"['Waha et al., 2017']",1151
"['Waha et al., 2017']",1230
"['Waha et al., 2017']",1231
"['Waha et al., 2017']",1107
"['Waha et al., 2017']",1182
"['Wang, 2020']",70
"['WFP, 2021']",369
"['WFP, 2021']",2075
"['WFP, 2021']",2076
"['WMO, 2017']",74
"['WMO, 2020']",1894
"['WMO, 2020']",631
"['WMO, 2020']",638
"['WMO, 2020']",643
"['WMO, 2020']",657
"['WMO, 2020']",386
"['WMO, 2020']",415
"['WMO, 2020']",410
"['WMO, 2020']",388
"['WMO, 2020']",384
"['WMO, 2020']",413
"['WMO, 2020']",395
"['WMO, 2020']",391
"['WMO, 2020']",447
"['WMO, 2021']",645
"['WMO, 2021']",669
"['WMO, 2021']",2176
"['WMO, 2021']",97
"['WMO, 2021']",106
"['WMO, 2021']",107
"['WMO, 2021']",108
"['WMO, 2021']",95
"['WMO, 2022']",406
"['WMO, 2022']",407
"['WMO, 2022']",639
"['WMO, 2022']",640
"['WMO, 2022']",653
"['WMO, 2022']",654
"['WMO, 2022']",671
"['WMO, 2022']",422
"['WMO, 2022']",397
"['WMO, 2022']",402
"['WMO, 2022']",444
"['WMO, 2022']",446
"['WMO, 2022']",641
"['WMO, 2022']",644
"['WMO, 2022']",658
"['WMO, 2022']",659
"['WMO, 2022']",660
"['WMO, 2022']",665
"['WMO, 2022']",1814
"['WMO, 2022']",1964
"['WMO, 2022']",1966
"['WMO, 2022']",403
"['WMO, 2022']",418
"['WMO, 2022']",498
"['WMO, 2022']",404
"['WOAH, 2022']",150
"['WOAH, 2022']",151
"['World Bank et al., 2014']",773
"['World Bank et al., 2014']",785
"['World Bank et al., 2014']",791
"['World Bank et al., 2014']",769
"['World Bank et al., 2014']",782
"['World Bank et al., 2014']",792
"['World Bank et al., 2014']",788
"['World Bank et al., 2015']",764
"['World Bank et al., 2015']",774
"['World Bank et al., 2015']",775
"['World Bank, 2010']",2267
"['World Bank, 2012']",515
"['World Bank, 2012']",513
"['World Bank, 2013']",1645
"['World Bank, 2013']",1646
"['World Bank, 2013']",1122
"['World Bank, 2013']",1123
"['World Bank, 2013']",1116
"['World Bank, 2013']",1117
"['World Bank, 2013']",1118
"['World Bank, 2013']",1130
"['World Bank, 2013']",1129
"['World Bank, 2014']",683
"['World Bank, 2014']",680
"['World Bank, 2014']",676
"['World Bank, 2014']",677
"['World Bank, 2014']",83
"['World Bank, 2014']",1119
"['World Bank, 2014']",1137
"['World Bank, 2014']",679
"['World Bank, 2014']",1025
"['World Bank, 2014']",713
"['World Bank, 2015']",1070
"['World Bank, 2015']",1198
"['World Bank, 2015']",2158
"['World Bank, 2015']",2188
"['World Bank, 2015']",2189
"['World Bank, 2015']",2248
"['World Bank, 2015']",186
"['World Bank, 2015']",190
"['World Bank, 2015']",197
"['World Bank, 2015']",2270
"['World Bank, 2015']",2215
"['World Bank, 2015']",2149
"['World Bank, 2015']",1549
"['World Bank, 2015']",1550
"['World Bank, 2015']",1572
"['World Bank, 2015']",1573
"['World Bank, 2015']",1537
"['World Bank, 2015']",1644
"['World Bank, 2015']",1648
"['World Bank, 2015']",2247
"['World Bank, 2015']",124
"['World Bank, 2016']",1024
"['World Bank, 2018']",1156
"['World Bank, 2018']",2107
"['World Bank, 2019']",709
"['World Bank, 2019']",705
"['World Bank, 2019']",707
"['World Bank, 2019']",909
"['World Bank, 2019']",910
"['World Bank, 2019']",911
"['World Bank, 2019']",912
"['World Bank, 2019']",1078
"['World Bank, 2019']",1079
"['World Bank, 2019']",1093
"['World Bank, 2019']",1039
"['World Bank, 2020']",187
"['World Bank, 2020']",191
"['World Bank, 2020']",1574
"['World Bank, 2020']",2226
"['World Bank, 2020']",1088
"['World Bank, 2020']",543
"['World Bank, 2020']",534
"['World Bank, 2021']",2272
"['World Bank, 2021']",2273
"['World Bank, 2021']",2274
"['World Bank, 2021']",2276
"['World Bank, 2021']",2278
"['World Bank, 2021']",2290
"['World Bank, 2021']",2297
"['World Bank, 2021']",2310
"['World Bank, 2021']",2311
"['World Bank, 2021']",2315
"['World Bank, 2021']",1472
"['World Bank, 2021']",780
"['World Bank, 2021']",2345
"['World Bank, 2021']",2354
"['World Bank, 2021']",2355
"['World Bank, 2021']",2346
"['World Bank, 2021']",1465
"['World Bank, 2021']",1466
"['World Bank, 2021']",2298
"['World Bank, 2021']",2300
"['World Bank, 2021']",2285
"['World Bank, 2021']",724
"['World Bank, 2021']",2349
"['World Bank, 2021']",2284
"['World Bank, 2021']",726
"['World Bank, 2021']",2279
"['World Bank, 2021']",1695
"['World Bank, 2021']",1468
"['World Bank, 2021']",1486
"['World Bank, 2021']",2305
"['World Bank, 2021']",2306
"['World Bank, 2021']",358
"['World Bank, 2021']",1716
"['World Bank, 2021']",1686
"['World Bank, 2021']",1711
"['World Bank, 2021']",1694
"['World Bank, 2021']",1697
"['World Bank, 2021']",340
"['World Bank, 2021']",354
"['World Bank, 2021']",374
"['World Bank, 2021']",2293
"['World Bank, 2021']",1684
"['World Bank, 2021']",2302
"['World Bank, 2021']",69
"['World Bank, 2021']",180
"['World Bank, 2021']",1339
"['World Bank, 2021']",1340
"['World Bank, 2021']",2126
"['World Bank, 2021']",1246
"['World Bank, 2022']",137
"['World Bank, 2022']",138
"['World Bank, 2022']",1610
"['World Bank, 2022']",476
"['World Bank, 2022']",1047
"['World Bank, 2022']",1049
"['World Bank, 2022']",1922
"['World Bank, 2022']",142
"['World Bank, 2022']",157
"['World Bank, 2022']",160
"['World Bank, 2022']",1021
"['World Economic Forum, 2019']",976
"['World Vision, 2021']",475
"['World Vision, 2021']",477
"['Wudad et al., 2021']",2018
"['Wudad et al., 2021']",2021
"['WWF, 2007']",570
"['WWF, 2007']",553
"['WWF, 2007']",554
"['WWF, 2007']",555
"['WWF, 2007']",588
"['WWF, 2007']",585
"['WWF, 2007']",586
"['WWF, 2007']",587
"['WWF, 2007']",560
"['Yadvinder-Singh et al., 2014']",1272
"['Yan and Alvi, 2022']",1297
"['Yan and Alvi, 2022']",1293
"['Yen et al., 2019']",79
"['Yen et al., 2019']",22
"['Yen et al., 2019']",23
"['Yen et al., 2019']",54
"['Yen et al., 2019']",49
"['Yen et al., 2019']",50
"['Yen et al., 2019']",63
"['Yen et al., 2019']",80
"['Yen et al., 2019']",81
"['Yen et al., 2019']",46
"['Yen et al., 2019']",48
"['Yen et al., 2019']",43
"['Yen et al., 2019']",77
"['Yen et al., 2019']",90
"['Yigezu et al., 2021']",949
"['Yigezu et al., 2021']",951
"['Yigezu et al., 2021']",954
"['Yuan et al., 2022']",41
"['Zacharias et al., 2014']",1372
"['Zacharias et al., 2014']",1384
"['Zazueta-Gutiérrez et al., 2021']",791
"['Zazueta-Gutiérrez et al., 2021']",727
"['Zazueta-Gutiérrez et al., 2021']",744
"['Zhai and Zhuang, 2009']",1452
"['Zhao et al., 2017']",162
"['Zingore et al., 2015']",1749
"['Zougmore et al., 2016']",2207
"['Zougmore et al., 2016']",2208
"['Zougmore et al., 2016']",2239
"['Zougmore et al., 2016']",2222
"['Zougmore et al., 2016']",2231
"['Zougmore et al., 2016']",2234
"['Zougmore et al., 2016']",2243
"['Zougmore et al., 2016']",2172
"['Zougmore et al., 2016']",2183
"['Zougmore et al., 2016']",2184
"['Zougmore et al., 2016']",2186
"['Zougmore et al., 2016']",2187
"['Zougmore et al., 2016']",1657
"['Zougmore et al., 2016']",1659
"['Zougmore et al., 2016']",1662
"['Zougmore et al., 2016']",1663
"['Zougmore et al., 2016']",2200
"['Zougmore et al., 2016']",1668
"['Zougmore et al., 2016']",1672
"['Zougmore et al., 2016']",1594
"A Akhmouch  et al.,2012",507
"A Akhmouch  et al.,2012",512
"A Akhmouch  et al.,2012",508
"A Palazzo et al., 2019",1218
"A Palazzo et al., 2019",1219
"A Palazzo et al., 2019",1222
"A Palazzo et al., 2019",1223
"A. Abiad et al.,2020",189
"A. Chibani, 2022",1014
"A. Chibani, 2022",1020
"A. Mejia, 2014",347
"A. Mejia, 2014",348
"Abate  et al.,2021 ",1869
"ABD,2012",178
"ACF, 2014",1250
"AD Alene et al.,2018",545
"AD Alene et al.,2018",541
"AD Alene et al.,2018",544
"AFDB, 2016",1609
African Studies Group at the Autonomous University of Madrid,1640
African Studies Group at the Autonomous University of Madrid,1641
"Ahmadalipour, Ali and Hamid, Moradkhani, 2018",1126
"Ahmadalipour, Ali and Hamid, Moradkhani, 2018",1141
"Ahmadalipour, Ali and Hamid, Moradkhani, 2018",1142
"Aimée-Noël Mbiyozo, 2021",1700
"Akam & Gruere, 2018Yen et al., 2019",19
"Akhmouch.A,2012",524
"Akinola et al.,2018 ",1867
"Al-Riffai and Breisinger, 2012",1197
"Al-Riffai and Breisinger, 2012",1178
"Al-Riffai and Breisinger, 2012",1180
"Al-Riffai and Breisinger, 2012",1181
"Al-Riffai and Breisinger, 2012",1191
"Al-Riffai and Breisinger, 2012",1188
"Al-Riffai and Breisinger, 2012",1205
"Alobo Loison, Sarah,2015",1761
"Aman et al., 2021",1491
"AN Karuri  et al.,2021",2016
"AN Karuri  et al.,2021",2017
"AN Karuri  et al.,2021",2002
"Anna  R. Rios et al,2021 ",547
"Anna  R. Rios et al,2021 ",393
"Antonio M, 2018",314
"Antonio M, 2018",313
"Antonio M, 2018",328
"Antonio M, 2018",343
"Aryal et al., 2019",1452
"Aryal et al., 2019",1391
"Aryal et al., 2019",1392
"Aryal et al., 2019",1393
"Aryal et al., 2019",1396
"Aryal et al., 2019",1424
"Aryal et al., 2019",1405
"Aryal et al., 2019",1467
"Aryal et al., 2019",1375
"Aryal et al., 2019",1381
"Aryal et al., 2019",1372
"Aryal et al., 2019",1373
"Aryal et al., 2019",1374
"Aryal et al., 2019",1376
"Aryal et al., 2019",1377
"Aryal et al., 2019",1384
"Aryal, 2020",1325
"Aryal, et. al.,
2020",1298
"Aryal, et. al.,
2020",1310
"Aryal, et. al., 2020",1299
"AZIZ ATAMANOV and SHARAD TANDON, 2019",1072
"B Caldecott  et al.,2013 ",1601
"B Caldecott et al., 2013 ",1600
"B Castro et al., 2022",473
"B. Felix and K. S. Romuald, 2012",1783
"B. Felix and K. S. Romuald, 2012",1780
"B. Felix and K.S. Romuald, 2012",1740
"B. Felix and K.S. Romuald, 2012",1696
"Bachar Ibrahim*, Henry Mensah",1041
"Banerjee et al., 2021",739
"Banerjee et al., 2021",740
"Banerjee et al., 2021",741
"Basconcillo, J., Moon, IJ, 2022",96
"Benimana,2021",2108
"Bhatt et al., 2021Bijarniya, 2020",1402
"Bijarniya, 2020",1441
"Bijarniya, 2020",1421
"Bijarniya, 2020",1437
"Bijarniya, 2020",1418
"Bijarniya, 2020",1435
"Bijarniya, 2020",1420
"Bijarniya, 2020",1443
Biophysical,319
"Bjornlund  et al.,2020",2113
"Bjornlund et al., 2020 ",1906
"Bjornlund et al., 2022 ",1849
"Bjornlund et al., 2022 ",1850
"Bjornlund et al., 2022 ",1851
"Bonuedi et al.,2020 ",1886
"Bonuedi et al.,2020 ",1936
"Brescian .F. et al.,  2019",194
"Brescian .F. et al.,  2019",177
"Brescian .F. et al.,  2019",205
"Brescian .F. et al.,  2019",188
"Broom, 2019",989
"C Doss  at al.,2020",1082
"C Doss  at al.,2020",1083
"C Soma , 2019",414
"C Ströh de Martínez et al.,2016 ",2361
"CB Eze et al.,2021",1203
CCAFS 2016,22
"CCAFS, 2016",88
"CCAFS, 2016",78
"CCAFS, 2016",72
"CCAFS, 2016",75
"CCAFS, 2016",76
"CCAFS, 2016",44
"CCAFS, 2016",89
"CCAFS,2016Nguyen et al., 2017",3
"CCFAS, 2013",1813
"CCFAS, 2013",1812
"CCFAS, 2016",54
"CEPAL,2012",392
"Chapman  et al.,2020",1882
"Chapman  et al.,2020",1907
"Chapman  et al.,2020",2077
"Chapman et al., 2020",1815
"Chapman et al., 2020",1816
"Chapman et al., 2020",1817
"Chapman S. et al., 2020",1959
CIAT and World Bank 2017,1809
CIAT and World Bank 2017,1810
CIAT and World bank 2017,1896
CIAT and World bank 2017,1910
"CIAT and World bank, 2017",1928
"CIAT and World bank, 2017",1919
"CIAT, 2015",375
"CM Godde  et al., 2021",649
"CM Godde et al.,  2021 ",2224
"CM Godde et al.,  2021 ",2165
"CM Godde et al., 2021 ",2164
"CM Godde et al.,2021 ",486
"Coalson  et al.,2021",1859
"Coalson  et al.,2021",1860
"Conor M. Savoy and Alexandra Norris, 2022",1616
"Conor M. Savoy and Alexandra Norris, 2022",1617
"Conor M. Savoy and Alexandra Norris, 2022",1621
"Conor M. Savoy and Alexandra Norris, 2022",1622
"D Ekwem  et al.,2021",1925
"D Ekwem  et al.,2021",1926
"D Loudyi ,2020",982
"D Loudyi ,2020",985
"D Loudyi ,2020",986
"D Loudyi ,2020",1001
"D. Kumar and P.Kalita, 2017",1280
"D.Najjar and L.Badstue, 2020",1171
"Damilola Kuteyi  and Herwig Winkler, 2022",2225
"Damilola Kuteyi  and Herwig Winkler, 2022",2227
"Daniel F. Runde  et al ., 2021",1781
"DBLA, 2019",398
"DBLA, 2019",401
"DBLA, 2019",434
"DBLA, 2019",399
"DBLA, 2019",400
"DBLA, 2019",417
"Department of Science and Technology, 2020",1319
"Department of Science and Technology, 2020",1284
"Dinh, T., & Dang, T, 2022",6
"Dinh, T., & Dang, T, 2022",9
"Dinh, T., & Dang, T, 2022 ",5
"Dinh, T., & Dang, T, 2022 ",21
"Dixon et al, 2020",2104
"Dixon et al., 2019",1214
"Dixon et al.,2001",430
"Dixon et al.,2001",425
"Dixon et al.,2001",426
"Dixon et al.,2001",427
"Dixon et al.,2001",480
"Dixon et al.,2001",481
"Dixon et al.,2001",482
"Dixon et al.,2001",484
"Dixon et al.,2001",485
"Dixon et al.,2001",521
"Dixon et al.,2001",522
"Dixon et al.,2001",502
"Dixon et al.,2001",518
"Dixon et al.,2001",516
"Dixon et al.,2001",526
"Dixon et al.,2001",461
"Dixon et al.,2001",478
"Dixon et al.,2001",519
"Dixon et al.,2001",537
"Dixon et al.,2001",490
"Dixon et al.,2001",495
"Dixon et al.,2001",517
"Dixon et al.,2001",501
"Dixon et al.,2001",514
"Dixon et al.,2001",479
"Dixon et al.,2001",91
"Dixon et al.,2001",551
"Dixon et al.,2001",494
"Dixon et al.,2001",535
"Dixon et al.,2001",548
"Dixon et al.,2001",549
"Dixon et al.,2001",550
"Dixon et al.,2001",552
"Dixon et al.,2001",491
"Dixon et al.,2001",531
"Dixon et al.,2001",527
"Dixon et al.,2001",488
"Dixon et al.,2001",467
"Dixon et al.,2020",1565
"Dixon et al.,2020",1597
"Dixon et al.,2020",1606
"Dixon et al.,2020",1556
"Dixon et al.,2020",1215
"DM Nyariki  et al.,2019 ",1608
"E Nkiaka  et al.,2019",1625
"E Nkiaka  et al.,2019",1626
"E Nkonya et al., 2016 ",2322
"E Nkonya et al., 2016 ",2323
"E Nkonya et al., 2016 ",2232
"E Nkonya et al., 2016 ",2233
"E Nkonya et al.,2016 ",2038
"Earth Observatory NASA , 2018",634
"EB OBWOCHA  et al.,2015",1963
"Ebinger and Vandycke, 2015",1353
"Ebinger and Vandycke, 2015",1352
"EcoMENA, 2021",1195
"EcoMENA, 2021",1199
"EcoMENA, 2021",1209
"Edeme et al.,2020 ",1885
"EH Atake et al.,2018",1805
"Elum et al.,2017",1878
EPA Website,1242
ESCWA et al. 2017,971
ESCWA et al. 2017,1004
ESCWA et al. 2017,1006
ESCWA et al. 2017,1034
ESCWA et al. 2017,1007
ESCWA et al. 2017,1005
ESCWA et al. 2017,1046
ESCWA et al. 2017,1087
ESCWA et al. 2017,1048
ESCWA et al. 2017,1063
ESCWA et al. 2017,1043
ESCWA et al. 2017,1045
ESCWA et al. 2017,1098
ESCWA et al. 2017,974
ESCWA et al. 2017,975
ESCWA et al. 2017,992
ESCWA et al. 2017,1008
ESCWA et al. 2017,1036
ESCWA et al. 2017,1037
ESCWA et al. 2017,993
"ESCWA et al., 2017",1109
"ESCWA et al., 2017",1110
"ESCWA et al., 2017",1148
"ESCWA et al., 2017",1152
"ESCWA et al., 2017",1132
"ESCWA et al., 2017",1133
"ESCWA et al., 2017",1135
"ESCWA et al., 2017",1146
"ESCWA et al., 2017",1147
"ESCWA et al., 2017",1114
"ESCWA et al.,2017",994
"Eslami et al., 2019",2
"F. Grassi et al., 2015",1162
"F. WEHREY and N. FAWAL, 2022",1157
"F. Wehrey, 2022",1153
"F. Wehrey, 2022",1212
"F. Wehrey, 2022",1211
"F. Wehrey, 2022",1213
"Fall A. pers. comms., 2022",2188
"Fall A. pers. comms., 2022",2149
"Fall A. pers. comms., 2022",2150
"Fall A. pers. comms., 2022",2151
"Fall A. pers. comms., 2022",2152
"Fall A. pers. comms., 2022",1572
"Fall A. pers. comms., 2022",2206
"Fall A. pers. comms., 2022",2202
"Fall A. pers. comms., 2022",2192
"Fall A. pers. comms., 2022",1542
"Fall A. pers. comms., 2022",1534
"Fall A. pers. comms., 2022",1541
"Fall A. pers. comms., 2022",1544
"Fall A. pers. comms., 2022",1543
"FAO and CELAC , 2016",661
"FAO and UNICEF, 2021",167
"FAO, 2011",100
"FAO, 2011",128
"FAO, 2011",120
"FAO, 2011",123
"FAO, 2014",1022
"FAO, 2014",1051
"FAO, 2014",1092
"fao, 2022",1017
"FAO, CIAT, ILRI, CGIAR, 2020",1186
"FAO,2008",2074
"FAO,2016",416
"FAO,2017",133
"FAO,2018",1094
"FAO-CELAC,2020",438
"FAO-CELAC,2020",441
"FAO-CELAC,2020",442
"Fayad, 2022",2092
"Ferrise et al., 2013",1112
"Fiebig-Wittmaack, 2011",683
"Fiebig-Wittmaack, 2011",680
"Fiebig-Wittmaack, 2011",676
"Fiebig-Wittmaack, 2011",656
"Filho et al., 2020",2154
"Filho et al., 2020",2155
"Filho et al., 2020",2156
"Filho et al., 2020",2157
"Filho et al., 2020",2182
"Filho et al., 2020",2149
"Filho et al., 2020",2151
"Filho et al., 2020",2172
"Filho et al., 2020",2184
"Filho et al., 2020",2186
"Filho et al., 2020",2159
"Filho et al., 2020",2190
"Filho et al., 2020",2152
"Filho et al., 2020",1540
"Filho et al., 2020",1570
"Filho et al., 2020",1538
"Filho et al., 2020",2195
"Filho et al., 2020",2197
"Filho et al., 2020",2201
"Filho et al., 2020",2168
"Filho et al., 2020",2178
"Filho et al., 2020",2150
"Filho et al., 2020 ",2183
"Filho et al., 2020 ",2187
"Filho et al., 2020 ",1535
"Filho et al., 2020 ",1536
"Filho et al., 2020 ",1539
"Filho et al., 2020 ",1545
"Filho et al., 2020 ",1546
"Filho et al., 2020 ",1564
"Filho et al., 2020 ",1568
"Filho et al., 2020 ",1569
"FMP Mugizi et al.,2020 ",1897
"FMP Mugizi et al.,2020 ",1934
"Fobert. M. A. et al., 2021",1127
"Fobert. M. A. et al., 2021",1128
"Fraval  et al.,2019",2089
"Fraval  et al.,2019",2090
"Fraval et al., 2019",1905
"Funk et al., 2012",2175
"G Danso-Abbeam  et al.,2018 ",68
"G Kaur et al.,2020 ",1267
"G.Wang et al., 2019",192
"Gardner et al., 2016",623
"Gardner et al., 2016",574
"Gardner et al., 2016",576
"Gardner et al., 2016",614
"Gardner et al., 2016",615
"Gardner et al., 2016",602
"Gardner et al., 2016",575
"Gebre et al., 2015",1904
"Gebrehiwot  et al., 2016",1858
"Germán Poveda et al., 2020",648
"GGFA, 2017",1283
"Gianessi, 2014",2082
"Gianessi, 2014",2083
"Gianessi, 2014",2084
"Gianessi, 2014",2122
"GIZ, 2019",1338
"GIZ, 2019",1334
"GIZ, 2019",1354
"GIZ, 2019",1360
"GK Bett  et al.,2018 ",1961
"GK Bett  et al.,2018 ",1962
"Glada Lahn, 2022",979
"Glada Lahn, 2022",988
"Glada Lahn, 2022",991
"Godoy, 2015",483
"GTR, 2019",1630
Gérard Viatte,1190
"H Kang  et al.,2021",10
"H Kang  et al.,2021",20
"H van Velthuizen et al.,2013 ",1982
"Haefele, Stephan and  Bouman, Bas, 2009",26
Hagen et al 2022,323
"Hanjra, M.A., Williams, T.O, 2020",1792
"Hanjra, M.A., Williams, T.O, 2020",1798
"Harlan D. et al., 2015",316
"Harlan D. S and Raymond P. , 2015",326
"Harlan D. S and Raymond P. , 2015",318
"HD Shannon et al.,2015",448
"Hen-I Lin  et al., 2022",1263
"Hen-I Lin  et al., 2022",1282
"Hen-I Lin  et al., 2022",1275
"Hen-I Lin  et al., 2022",1257
"Hen-I Lin  et al., 2022",1277
"HI Lin et al., 2022 ",39
"Hikaru Niki, 2010",1089
"Hikaru Niki, 2010",1090
"Hikaru Niki, 2010",1099
"Hikaru Niki, 2010",1101
"Hiwasaki et al., 2016 ",287
"Holden et al.,2016 ",1912
"Hughes, 2014 ",1558
"I No et al., 2009 ",2204
"I No et al., 2009 ",2205
"I No et al., 2009 ",2236
"I No et al., 2009 ",2237
"I Sugri et al.,2021 ",1226
"I Sugri et al.,2021 ",1227
"Ian Douglas,2009",1266
"Ian Douglas,2009",1268
"Ian Douglas,2009",1269
"ICRC, 2021",99
"ICRC, 2021",1120
"ICRC, 2021",1138
"IFAD, 2017",200
"IFAD,2011",156
"IFPRI, 2015",1194
"ILRI,2022",1703
"ILRI,2022",1704
"Ioannis N. Savvaidis et al., 2022",1018
"Ioannis N. Savvaidis et al., 2022",1026
"Iris M. and Hazel A.O, 2017",335
"Iris Monnereau andHazel A. Oxenford, 2017",314
"IWMI,2022",1073
"IWMI,2022",1077
"IWMI,2022",1061
"J de Graaff  et al.,2011",1629
"J Dixon et al., 2001",383
"J Haggar  et al.,2021",2037
"J Rahimi et al.,2021 ",1620
"J Rahimi et al.,2021 ",1623
"J Samaniego et al., 2014",666
"J Samaniego et al., 2014",647
J. Samaniego,328
"JAYNE et al.,2021",1874
"JAYNE et al.,2021",1875
"JF Morton  et al.,2007",1983
"Jha et al., 2020",1488
"Jha et al., 2020",1461
"Jha et al., 2020",1459
"Jha et al., 2020",1450
"John F. Morton, 2007",1605
"John Njiraini, 2022",1159
"John Njiraini, 2022",1193
"John Njiraini, 2022",1013
"John Podesta, 2019",1143
Joseph B. Ajefu & Olukorede Abiona 2020,1735
"JP Aryal et al.,  2020",153
"JP Aryal et al.,  2020",154
"JP Aryal et al.,2020",164
"K Descheemaeker  et al.,2010",2086
"K.Zahedi et al ., 2020",98
"Kamunya S. pers. comms., 2022",2036
"Kamunya S. pers. comms., 2022",2041
"Kamunya S. pers. comms., 2022",2031
"Kamunya S. pers. comms., 2022",2032
"Kamunya S. pers. comms., 2022",2042
"Kamunya S. pers. comms., 2022",2033
"Kamunya S. pers. comms., 2022",2034
"Kamunya S. pers. comms., 2022",2035
"Kamunya S. pers. comms., 2022",2043
"Kamunya S. pers. comms., 2022",1976
"Kamunya S. pers. comms., 2022",1977
"Kamunya S. pers. comms., 2022",2028
"Kamunya S. pers. comms., 2022",1942
"Kamunya S. pers. comms., 2022",1943
"Kamunya S. pers. comms., 2022",1944
"Kamunya S. pers. comms., 2022",1945
"Kamunya S. pers. comms., 2022",1946
"Kamunya S. pers. comms., 2022",1947
"Kamunya S. pers. comms., 2022",1948
"Kamunya S. pers. comms., 2022",1952
"Kamunya S. pers. comms., 2022",1960
"Kamunya S. pers. comms., 2022",2026
"Kamunya S. pers. comms., 2022",2027
"Kamunya S. pers. comms., 2022",2044
"Kamunya S. pers. comms., 2022",2051
"Kamunya S. pers. comms., 2022",2029
"Kamunya S. pers. comms., 2022",2030
"Kamunya S. pers. comms., 2022",2003
"Kandeel., 2019",1196
"Kandji et al., 2006Kirby, 2022",1563
"Kathleen M., 2015",454
"Kathleen M., 2015",455
"Kemboi  et al.,2020",2124
"Ken E. Giller,2020",1708
"KJ Boote  et al.,2022",1853
"Kumar  et al.,2017",2094
"Kumar  et al.,2017",2095
"Kumar et al., 2017 ",2115
"L Acevedo-Siaca et al., 2020",1660
"L Acevedo-Siaca et al., 2020",1642
"L Murkomen  et al.,2019",1585
"LACCW, 2022",509
"LACCW, 2022",510
"Lamptey,2022",2117
"Landicho, 2019",260
"Laura Oliver, 2020",367
"Lewis e al., 2018",1035
Lewis et al. 2018,1103
Lewis et al. 2018,1104
"lewis et al., 2018",1067
"Lewis et al.,2018",1228
"Lughano Kusiluka, 1996",1924
"M Abdelali-Martini et al.,2011",1189
"M Abdelali-Martini et al.,2011",1192
"M Balehegn  et al., 2022",2203
"M Balehegn  et al., 2022",2219
"M Devkota Wasti et al., 2021",1225
"M Devkota Wasti et al., 2021",1224
"M Diop  et al.,2022 ",2012
"M East  et al., 2015 ",1011
"M Fay et al., 2017 ",357
"M Mughal et al., 2020 ",1281
"M Musumba  et al.,2022",2046
"M Musumba  et al.,2022 ",1671
"M Ncube  et al.,2013",1015
"M Winslow et al., 2007",1023
M. Tambutti and J.J. Gómez eds.,313
"M. Winslow and R.Thomas, 2007",1155
"M. Winslow and R.Thomas, 2007",1161
"M.J. Otte and P. Chilonda, 2002",1864
"M.J. Otte and P. Chilonda, 2002",1865
"Magrin, G. et al., 2018",437
"Manning,2022",1916
"Mapplecroft, 2014",381
"Marion D., 2022",1576
"Marquardt et al., 2019",589
"Marquardt et al., 2019",590
"Marquardt et al., 2019",603
"Marquardt et al., 2019",591
"Marquardt et al., 2019",610
"Marquardt et al., 2019",607
"Matchawe et al.,2022",1818
"Mbow, 2020 ",1877
"Mbow, 2020 ",1909
"Mendoza-Espinosa and Daessle, 2018",761
"Mendoza-Espinosa and Daessle, 2018",729
"Meza., 2012",780
"MM Rojas-Downing  et al.,2017 ",443
"MM Rojas-Downing  et al.,2017 ",449
"Mortimore & Adams, 2008",2180
"Mougou et al., 2010.",1112
"Mugizi et al.,2020 ",1847
"Mugizi et al.,2020 ",1848
"Mugizi et al.,2020 ",1879
"N Sazib  et al.,2020",1719
"N. S. Emife and O. Emeka ,2020 ",1699
"Namdar et al., 2021",1009
"Namdar et al., 2021",1010
"Nandan et al., 2019",1503
"Nandan et al., 2019",1491
"Ngigi Stephen and Denning  G., 2011",1769
"Nguyen, 2016",2
"Nigatu A. et al.,2019",1826
"Nigatu A. et al.,2019",1827
"Ninar. F and  Frederic W., 2022",998
"Ninar. F and  Frederic W., 2022",978
"Ninar. F and  Frederic W., 2022",980
"Ninar. F and  Frederic W., 2022",981
"Ninar. F and  Frederic W., 2022",983
"Ninar. F and  Frederic W., 2022",984
"Ninar. F and  Frederic W., 2022",995
"Ninar. F and  Frederic W., 2022",996
"Ninar. F and  Frederic W., 2022",987
"Njeru et al., 2022",2116
"Njeru et al., 2022",2123
"Njobe,  2015",1868
"Nkonya et al., 2016",1871
"Nyirenda et al.,2021",2114
"Ochoa-Noriega et al., 2020",780
"Ochoa-Noriega et al., 2020",714
"Ochoa-Noriega et al., 2020",738
"Ochoa-Noriega et al., 2020",739
"Ochoa-Noriega et al., 2020",792
"Ohlson, Erik W.",149
"Oteng-Darko P., pers. comms., 2022",2306
"Oteng-Darko P., pers. comms., 2022",2275
"Oteng-Darko P., pers. comms., 2022",2277
"Oteng-Darko P., pers. comms., 2022",2294
"Oteng-Darko P., pers. comms., 2022",2299
"Oteng-Darko P., pers. comms., 2022",2301
"Oteng-Darko P., pers. comms., 2022",2307
"Oteng-Darko P., pers. comms., 2022",2308
"Oteng-Darko P., pers. comms., 2022",2313
"Oteng-Darko P., pers. comms., 2022",2316
"Oteng-Darko P., pers. comms., 2022",2317
"Oteng-Darko P., pers. comms., 2022",2319
"Oteng-Darko P., pers. comms., 2022",2296
"Oteng-Darko P., pers. comms., 2022",2341
"Oteng-Darko P., pers. comms., 2022",2342
"Oteng-Darko P., pers. comms., 2022",2376
"Oteng-Darko P., pers. comms., 2022",2353
"Oteng-Darko P., pers. comms., 2022",2372
"Oteng-Darko P., pers. comms., 2022",2286
"Oteng-Darko P., pers. comms., 2022",2287
"Oteng-Darko P., pers. comms., 2022",2295
"Oteng-Darko P., pers. comms., 2022",2343
"Oteng-Darko P., pers. comms., 2022",2368
"Oteng-Darko P., pers. comms., 2022",2280
"Oteng-Darko P., pers. comms., 2022",2304
"Oteng-Darko P., pers. comms., 2022",2314
"Oteng-Darko P., pers. comms., 2022",2366
"Oteng-Darko P., pers. comms., 2022",2281
"Oteng-Darko P., pers. comms., 2022",2282
"Oteng-Darko P., pers. comms., 2022",2283
"Oteng-Darko P., pers. comms., 2022",2293
"Otsuka, Keijiro and  Place, Frank, 2014",2221
"Owings, 2020",1855
"Oxfam international ",456
"Oxford Analytica,2022",1170
"Oxford Analytica,2022",1184
"Oxford Analytica,2022 ",1158
"P Antwi-Agyei  et al.,2021",1065
"P Antwi-Agyei et al., 2021",2265
"P Antwi-Agyei et al.,2021 ",2268
"P Antwi-Agyei et al.,2021 ",2262
"P Antwi-Agyei et al.,2021 ",2266
"P Pingali  et al.,2014 ",1602
"P Schmitter et al.,  2015",87
"P Simpkin et al., 2020",1661
"Perez et., 2010",708
"Piers S. et al., 2022",1825
"Pipitpukdee et al., 2020 Taylor et al., 2016",218
"Pipitpukdee et al., 2020 Taylor et al., 2016",219
"PMK Afokpe  et al.,2022",1638
"PMK Afokpe  et al.,2022",1639
"Portugal, 2019",780
"Portugal, 2019",793
"Poveda, et al., 2020",672
"Poveda, et al., 2020",673
"Prager et al, 2020",738
"R Arezki et al., 2020",1206
"R Arezki et al., 2020",1207
"R Balakrishnan et al., 2021",439
"R Balakrishnan et al., 2021",440
"R Berndtsson et al.,2016",1102
"R Cooper  et al.,2018",1598
"R Cooper  et al.,2018",1599
"R Cooper et al.,2018",1581
"R Cooper et al.,2018",1582
"R Cooper et al.,2018",1586
"R Eeswaran  et al.,2022",1579
"R Eeswaran  et al.,2022",1587
"R. Pachauri et al., 2013",667
"Ramesh et al., 2017",1379
"Ramesh et al., 2017",1380
"Ranj Alaaldin, 2022",999
"Ranj Alaaldin, 2022",1000
"Ranj Alaaldin, 2022",1002
"Ranj Alaaldin, 2022",1003
"Reed et al., 2022",1819
"Reed et al., 2022",1820
"Reed et al., 2022",1821
"Reed et al., 2022",1822
"Reed et al., 2022",1829
"Reeves et al., 2016",849
"Reeves et al., 2016",798
"reliefweb, 2020",1243
"Reserve Bank of India, 2018",1317
"Robert M. et al., 2019",1577
"Rockfeller Foundation, 2010",1618
"Rockfeller Foundation, 2010",1619
"RS Friedman et al.,2022 ",73
"S Adaawen  et al., 2019",2230
"S Balehey  et al.,2018",1636
"S Chapman  et al.,2020",2020
"S Chapman  et al.,2020",2005
"S Coulibaly ET AL.,  2022",2246
"S Kuyah  et al.,2021 ",1978
"S Ndlela  et al.,2022 ",2014
"S Yuan et al., 2022 ",66
"S.Zingore et al., 2015",1678
"S.Zingore et al., 2015",1679
"S.Zingore et al., 2015",1680
"SA Ofori   et al.,2021",1828
"Sathyan, et. al., 2018",1284
"Schoolmeester, T et al., 2 016",646
"Second National Communication, 2012",1264
"Second National Communication, 2012",1326
"Second National Communication, 2012",1362
"Second National Communication, 2012",1323
"Second National Communication, 2012",1270
"Second National Communication, 2015",1294
"Serdeczny et al., 2017",1823
"Serdeczny et al., 2017",1824
"Shahid et al., 2018",1488
"Shahid et al., 2018",1459
"Shahid et al., 2018",1450
Shiferaw et al. 2012,1914
Shiferaw et al. 2012,1929
"Shiferaw et al., 2014 ",1857
"Shiferaw et al., 2014 ",1861
"Shiferaw et al., 2014 ",1863
"Siraj et al., 2014",712
"Skendžić et al.,2021",1831
"Smajgl et al., 2015",2
"Smith et al., 2021",1503
"Sulca et al., 2016",629
"Sulca et al., 2016",630
"Sulca et al., 2018.",624
"Sulca et al., 2018.",664
"Sulca et al., 2018.",626
"Sulca et al., 2018.",668
"T Amole et al.,2022",1604
"T Sekiyama et al., 2022",33
"T. Wossen et al., 2017",1220
"T. Wossen et al., 2017",1221
"Tariq Al-Olaimy, 2020",1124
"Tariq Al-Olaimy, 2020",1125
"Tariq Al-Olaimy, 2020",1140
"TD Mushore et al.,  2021 ",1634
The Borgen Project Website,677
"The Fiebig-Wittmaack, 2011",684
"The Fiebig-Wittmaack, 2011",686
"The Fiebig-Wittmaack, 2011",687
"The Fiebig-Wittmaack, 2011",685
"Thierfelder C., pers. comms., 2021",2059
"Thierfelder C., pers. comms., 2021",2060
"Thierfelder C., pers. comms., 2021",2061
"Thierfelder C., pers. comms., 2021",2080
"Thierfelder C., pers. comms., 2021",2096
"Thierfelder C., pers. comms., 2021",2131
"Thierfelder C., pers. comms., 2021",2128
"Thierfelder C., pers. comms., 2021",2121
"Thierfelder C., pers. comms., 2021",2071
"Thierfelder C., pers. comms., 2021",2072
"Thierfelder C., pers. comms., 2021",2073
"Thierfelder C., pers. comms., 2021",2065
"Thierfelder C., pers. comms., 2021",2067
"Thierfelder C., pers. comms., 2021",2146
"Thierfelder C., pers. comms., 2021",2147
"Thierfelder C., pers. comms., 2021",2148
"Thierfelder C., pers. comms., 2021",2145
"Thierfelder C., pers. comms., 2021",2120
"Thierfelder C., pers. comms., 2021",2140
"Thierfelder C., pers. comms., 2021",2063
"Thierfelder C., pers. comms., 2021",2069
"Thierfelder C., pers. comms., 2021",2097
"Thierfelder C., pers. comms., 2021",2062
"Thierfelder C., pers. comms., 2021",2064
"Thierfelder C., pers. comms., 2021",2058
"Thierfelder C., pers. comms., 2021",2081
"Thierfelder C., pers. comms., 2021",2079
"Thierfelder C., pers. comms., 2021",2135
"Thierfelder C., pers. comms., 2021",2139
"Thierfelder C., pers. comms., 2021",2066
"Thierfelder C., pers. comms., 2021",2068
"Thierfelder C., pers. comms., 2021",2093
"Thierfelder C., pers. comms., 2021",2129
"Thierfelder C., pers. comms., 2021",2132
"Thierfelder C., pers. comms., 2021",2099
"Thierfelder C., pers. comms., 2021",2100
"Thierfelder C., pers. comms., 2021",2101
"Thierfelder C., pers. comms., 2021",2127
"Thierfelder C., pers. comms., 2021",2143
"Thierfelder C., pers. comms., 2021",2144
"Thierfelder C., pers. comms., 2021",2070
"Thornton et al., 2009 ",2153
"Thuy Le Toan, et al, 2021",23
"Thuy Le Toan, et al, 2021",35
"Thuy Le Toan, et al, 2021",43
"Thuy Le Toan, et al, 2021",2
"Thuy Le Toan, et al, 2021",18
"Thuy Le Toan, et al, 2021",4
"Thuy Le Toan, et al, 2021",5
"Thuy Le Toan, et al, 2021",22
"Thuy Le Toan, et al, 2021",2
"Thuy Le Toan, et al, 2021",63
"Thuy Le Toan, et al, 2021",88
"Thuy Le Toan, et al, 2021",32
"Thuy Le Toan, et al, 2021Chapman & Darby, 2016",3
"Thuy Le Toan, et al, 2021Smajgl et al , 2015",8
"TI Liebig  et al.,2017 ",1979
"Tigchelaar et al., 2018",1265
"Tim F. and Roshan A.,  2020",1311
"Tropp, Hakan, Jagerskog, Anders. 2006",1040
"Tropp, Hakan, Jagerskog, Anders. 2006",1012
"TS SESSION , 2021",346
"Tunde A., 2021",1575
Turner et al. 2011,2172
Turner et al. 2011,2183
Turner et al. 2011,2184
Turner et al. 2011,2185
Turner et al. 2011,2186
Turner et al. 2011,2187
"U Adhikari  et al.,2015 ",1720
"U Grote  et al., 2021",1016
"U Grote  et al., 2021",1019
"U Grote  et al., 2021",1027
"U Grote  et al., 2021",1030
"UEPA,2017",152
"Ugo Pica-Ciamarra et al., 2007",546
"Ugo Pica-Ciamarra et al., 2007",542
"UN, 2012",1168
"UN, 2012",1172
"UN, 2012",1175
"UN, 2021",451
"UN,2009",1775
"UN,2017",173
"UN,2017",198
"UN,2022",520
"UNCC, 2020",1692
"UNCC, 2020",1693
"UNDP, World Bank, UN, 2022",1074
"UNDP, World Bank, UN, 2022",1084
"UNEP, 2019",694
"UNEP, 2019",702
"UNEP, 2020",132
"UNFCCC, 2020,WHO,2020",1845
"UNICEF, 2021",1160
"UNICEF, 2021",1185
"UNICEF,2019",1722
"USAID, 2021 ",196
"USAID, 2021 ",195
"USAID, 2022",663
"Ussiri, David and  Lal, Rattan, 2019",2011
"V Bjornlund  et al.,2020",2087
"V Bjornlund  et al.,2022",1588
"V Bjornlund  et al.,2022",1590
"V Bjornlund  et al.,2022",2006
"V Bjornlund  et al.,2022",1991
"V Bjornlund  et al.,2022",1992
"V Bjornlund et al.,2022 ",1578
"Venus et al., 2022",1387
"Venus et al., 2022",1389
"Venus et al., 2022",1382
"Venus et al., 2022",1383
"Venus et al., 2022",1370
"Venus et al., 2022",1371
"Verner, 2012",1150
"Verner, 2012",1216
"Verner, 2012",1164
"Verner, 2012",1144
"Verner,2012",1145
"Vuille, Mathias et al., 2018",670
"W Mulinge  et al.,2016",1589
"Wei, Yanqiang et al., 2017",651
"Wei, Yanqiang et al., 2017",652
"WFP, 2022",435
"WFP, 2022",436
"WFP,2022",450
"WHO, 2020",1834
"WHO, 2020",1843
"William Isaacs, 2014",362
"Wilson, Jennifer R., 2022",149
"Winslow, M and Thomas, Richard, 2007",1121
"Winslow, M and Thomas, Richard, 2007",1131
"Winslow, M and Thomas, Richard, 2007",1139
Wold Bank Climate Change Knowledge Portal,1276
World Bank,375
"World Bank ,2013",483
"World Bank ,2013",489
"World Bank 2014, WMO, 2020",675
"World Bank and USAID, 2017",525
"World Bank andUSAID,2017",536
"World Bank,  2019",1637
"world bank, 2013",1076
"world bank, 2013",1038
"World bank, 2013",990
"World bank, 2013",997
"World Bank, 2017",1052
"World Bank, 2017",1055
"World Bank, 2017",2141
"World bank, 2021",1355
"World bank, 2021",1332
"World bank, 2021",1364
"world bank, 2021",1029
"World bank, 2021",1363
"World bank, 2022",1359
"World Bank,2013",1995
"World Bank,2013",1997
"World Bank,2016",2048
"World Bank,2020",134
"World Bank,2020",118
"World Meteorological Organization, 2021",332
"World Meteorological Organization, 2021",326
"World Meteorological Organization, 2021",317
"World Meteorological Organization, 2021",341
"World Meteorological Organization, 2021",315
"World Meteorological Organization, 2021",322
"World Meteorological Organization, 2021",330
"WorldBank, 2022",117
"Younes-Cárdenas and Erazo-Mera, 2016",674
"Zougmore et al., 2016Kabede et al., 2021",1558